Record_ID,Place,Zone,Police_Station,Crime_Type,Severity,Victim_Gender,Victim_Age_Group,Time_of_Crime,Day_of_Week,Month,Year,Weapon_Used,Number_of_Accused,Reported_Within_24h,Case_Status,Additional_Details,Data_Source
NGP-SYN-0001,Dharampeth,Zone II,Dharampeth,Burglary,Medium,Male,26-35,Morning (7-11 AM),Monday,April,2026,Knife/Sharp Weapon,1,Yes,Case Closed - Convicted,FIR lodged based on victim complaint; no further public details available.,Fully Synthetic (for ML training / MVP use only - not real incidents)
NGP-SYN-0002,Ajni,Zone IV,Ajni,Theft,Low,Not Specified,18-25,Morning (7-11 AM),Monday,April,2024,None,1,No,Case Closed - Convicted,Neighbourhood watch flagged the incident; forwarded to local police station.,Fully Synthetic (for ML training / MVP use only - not real incidents)
NGP-SYN-0003,Bajaj Nagar,Zone I,Bajaj Nagar,Chain Snatching,Medium,Male,18-25,Late Night (11 PM-4 AM),Friday,February,2025,Blunt Object,2,Yes,Chargesheet Filed,Case reported to local police station; investigation ongoing.,Fully Synthetic (for ML training / MVP use only - not real incidents)
NGP-SYN-0004,Gandhinagar,Other,Gandhinagar,Fraud,Medium,Female,26-35,Night (7-11 PM),Monday,April,2023,Knife/Sharp Weapon,2,Yes,FIR Registered - Under Investigation,Details limited in public record; case status as per station register.,Fully Synthetic (for ML training / MVP use only - not real incidents)
NGP-SYN-0005,Beltarodi,Zone IV,Beltarodi,House Break-in,Medium,Not Specified,18-25,Late Night (11 PM-4 AM),Thursday,August,2024,None,1,No,FIR Registered - Under Investigation,Case reported to local police station; investigation ongoing.,Fully Synthetic (for ML training / MVP use only - not real incidents)
NGP-SYN-0006,Gandhinagar,Other,Gandhinagar,Fraud,Medium,Female,26-35,Night (7-11 PM),Thursday,May,2023,None,1,Yes,FIR Registered - Under Investigation,Accused fled the scene; manhunt launched by local police.,Fully Synthetic (for ML training / MVP use only - not real incidents)
NGP-SYN-0007,Ganeshpeth,Zone VI (Gandhibagh),Ganeshpeth,Molestation,High,Female,46-60,Night (7-11 PM),Friday,March,2025,Blunt Object,1,Yes,FIR Registered - Under Investigation,FIR lodged based on victim complaint; no further public details available.,Fully Synthetic (for ML training / MVP use only - not real incidents)
NGP-SYN-0008,Sakkardara,Zone VI (Gandhibagh),Sakkardara,Burglary,Medium,Female,46-60,Evening (3-7 PM),Tuesday,May,2024,None/Physical Force,2,Yes,FIR Registered - Under Investigation,Case linked to a series of similar incidents in the area.,Fully Synthetic (for ML training / MVP use only - not real incidents)
NGP-SYN-0009,Gaddi Godam,Zone III,Gaddi Godam,Molestation,High,Female,18-25,Morning (7-11 AM),Tuesday,October,2023,Knife/Sharp Weapon,1,Yes,Case Closed - Acquitted,Local police confirmed the incident; identity of accused not officially disclosed.,Fully Synthetic (for ML training / MVP use only - not real incidents)
NGP-SYN-0010,Godhni,Zone V,Godhni,Fraud,Medium,Male,26-35,Night (7-11 PM),Sunday,November,2026,None/Physical Force,1,Yes,Chargesheet Filed,Neighbourhood watch flagged the incident; forwarded to local police station.,Fully Synthetic (for ML training / MVP use only - not real incidents)
NGP-SYN-0011,Kotwali,Zone VI (Gandhibagh),Kotwali,Theft,Low,Male,60+,Afternoon (11 AM-3 PM),Monday,January,2024,None,2,Yes,FIR Registered - Under Investigation,Case reported to local police station; investigation ongoing.,Fully Synthetic (for ML training / MVP use only - not real incidents)
NGP-SYN-0012,Pardi,Zone V,Pardi,Extortion,Medium,Male,36-45,Late Night (11 PM-4 AM),Wednesday,October,2026,Blunt Object,4,Yes,Case Closed - Acquitted,Incident logged in police records; no fatalities reported.,Fully Synthetic (for ML training / MVP use only - not real incidents)
NGP-SYN-0013,Manish Nagar,Zone IV,Manish Nagar,Cybercrime (OTP/Loan App Fraud),Medium,Female,18-25,Evening (3-7 PM),Tuesday,December,2025,Knife/Sharp Weapon,Unknown,Yes,Under Trial,Neighbourhood watch flagged the incident; forwarded to local police station.,Fully Synthetic (for ML training / MVP use only - not real incidents)
NGP-SYN-0014,Ravi Nagar,Zone II,Ravi Nagar,Fraud,Medium,Not Specified,36-45,Late Night (11 PM-4 AM),Sunday,December,2026,Knife/Sharp Weapon,Unknown,Yes,Case Pending,Local police confirmed the incident; identity of accused not officially disclosed.,Fully Synthetic (for ML training / MVP use only - not real incidents)
NGP-SYN-0015,Shraddhanand Peth,Zone II,Shraddhanand Peth,House Break-in,Medium,Not Specified,18-25,Late Night (11 PM-4 AM),Sunday,April,2026,Blunt Object,3,No,Case Closed - Convicted,Case registered under relevant sections of BNS; probe underway.,Fully Synthetic (for ML training / MVP use only - not real incidents)
NGP-SYN-0016,Kapil Nagar,Zone V,Kapil Nagar,Mobile Phone Snatching,Low,Female,60+,Night (7-11 PM),Wednesday,October,2023,None,3,No,Chargesheet Filed,Incident logged in police records; no fatalities reported.,Fully Synthetic (for ML training / MVP use only - not real incidents)
NGP-SYN-0017,Gandhibagh,Zone III,Gandhibagh,House Break-in,Medium,Male,26-35,Morning (7-11 AM),Sunday,October,2025,Knife/Sharp Weapon,2,Yes,FIR Registered - Under Investigation,Case reported to local police station; investigation ongoing.,Fully Synthetic (for ML training / MVP use only - not real incidents)
NGP-SYN-0018,MIDC,Zone I,MIDC,Illegal Liquor Trade,Low,Female,36-45,Late Night (11 PM-4 AM),Wednesday,November,2024,None,Unknown,No,Absconding Accused,FIR lodged based on victim complaint; no further public details available.,Fully Synthetic (for ML training / MVP use only - not real incidents)
NGP-SYN-0019,Wardhaman Nagar,Zone IV,Wardhaman Nagar,Motor Vehicle Theft,Medium,Male,18-25,Night (7-11 PM),Sunday,August,2025,Blunt Object,4,Yes,FIR Registered - Under Investigation,CCTV footage under review as part of investigation.,Fully Synthetic (for ML training / MVP use only - not real incidents)
NGP-SYN-0020,Tehsil,Zone VI (Gandhibagh),Tehsil,Cybercrime (OTP/Loan App Fraud),Medium,Male,18-25,Night (7-11 PM),Friday,February,2025,None/Physical Force,1,No,Under Trial,Accused fled the scene; manhunt launched by local police.,Fully Synthetic (for ML training / MVP use only - not real incidents)
NGP-SYN-0021,Byramji Town,Other,Byramji Town,Attempted Murder,High,Male,18-25,Afternoon (11 AM-3 PM),Thursday,September,2024,Knife/Sharp Weapon,Unknown,Yes,Under Trial,Case linked to a series of similar incidents in the area.,Fully Synthetic (for ML training / MVP use only - not real incidents)
NGP-SYN-0022,Wardhaman Nagar,Zone IV,Wardhaman Nagar,House Break-in,Medium,Not Specified,26-35,Late Night (11 PM-4 AM),Sunday,January,2025,Blunt Object,2,No,Case Closed - Convicted,Incident logged in police records; no fatalities reported.,Fully Synthetic (for ML training / MVP use only - not real incidents)
NGP-SYN-0023,Civil Lines,Zone II,Civil Lines,Gambling,Low,Male,36-45,Evening (3-7 PM),Thursday,September,2025,None,Unknown,No,Chargesheet Filed,Victim taken to nearby hospital for treatment.,Fully Synthetic (for ML training / MVP use only - not real incidents)
NGP-SYN-0024,Ramdaspeth,Zone II,Ramdaspeth,Theft,Low,Male,26-35,Late Night (11 PM-4 AM),Wednesday,August,2026,None,2,No,Under Trial,Details limited in public record; case status as per station register.,Fully Synthetic (for ML training / MVP use only - not real incidents)
NGP-SYN-0025,Gitti Khadan,Zone III,Gitti Khadan,Mobile Phone Snatching,Low,Female,26-35,Night (7-11 PM),Friday,May,2026,None,1,No,Under Trial,Case registered under relevant sections of BNS; probe underway.,Fully Synthetic (for ML training / MVP use only - not real incidents)
NGP-SYN-0026,Beltarodi,Zone IV,Beltarodi,Theft,Low,Male,26-35,Night (7-11 PM),Saturday,March,2026,None,1,Yes,Case Closed - Acquitted,CCTV footage under review as part of investigation.,Fully Synthetic (for ML training / MVP use only - not real incidents)
NGP-SYN-0027,Hudkeshwar,Zone IV,Hudkeshwar,Attempted Murder,High,Male,26-35,Evening (3-7 PM),Thursday,September,2024,Knife/Sharp Weapon,1,Yes,FIR Registered - Under Investigation,Reported during routine beat patrolling; preventive action initiated in the locality.,Fully Synthetic (for ML training / MVP use only - not real incidents)
NGP-SYN-0028,Sitabuldi,Zone III,Sitabuldi,Theft,Low,Female,26-35,Night (7-11 PM),Friday,May,2025,None,Unknown,Yes,Chargesheet Filed,FIR lodged based on victim complaint; no further public details available.,Fully Synthetic (for ML training / MVP use only - not real incidents)
NGP-SYN-0029,MIDC,Zone I,MIDC,Mobile Phone Snatching,Low,Male,46-60,Afternoon (11 AM-3 PM),Sunday,July,2023,None,1,No,FIR Registered - Under Investigation,CCTV footage under review as part of investigation.,Fully Synthetic (for ML training / MVP use only - not real incidents)
NGP-SYN-0030,Kapil Nagar,Zone V,Kapil Nagar,Chain Snatching,Medium,Female,Under 18,Morning (7-11 AM),Saturday,January,2023,Blunt Object,1,No,Chargesheet Filed,FIR lodged based on victim complaint; no further public details available.,Fully Synthetic (for ML training / MVP use only - not real incidents)
NGP-SYN-0031,Bajaj Nagar,Zone I,Bajaj Nagar,Rape,High,Female,26-35,Evening (3-7 PM),Tuesday,October,2026,Vehicle,1,Yes,Chargesheet Filed,Case reported to local police station; investigation ongoing.,Fully Synthetic (for ML training / MVP use only - not real incidents)
NGP-SYN-0032,Ramdaspeth,Zone II,Ramdaspeth,Theft,Low,Male,46-60,Afternoon (11 AM-3 PM),Friday,August,2024,None,1,Yes,Case Closed - Convicted,CCTV footage under review as part of investigation.,Fully Synthetic (for ML training / MVP use only - not real incidents)
NGP-SYN-0033,Sitabuldi,Zone III,Sitabuldi,Theft,Low,Male,26-35,Early Morning (4-7 AM),Monday,August,2024,None,1,No,Case Closed - Convicted,CCTV footage under review as part of investigation.,Fully Synthetic (for ML training / MVP use only - not real incidents)
NGP-SYN-0034,Ashok Nagar,Other,Ashok Nagar,Cyber Fraud,Medium,Not Specified,18-25,Afternoon (11 AM-3 PM),Saturday,December,2026,Blunt Object,Unknown,Yes,Chargesheet Filed,CCTV footage under review as part of investigation.,Fully Synthetic (for ML training / MVP use only - not real incidents)
NGP-SYN-0035,Chaoni,Other,Chaoni,Cybercrime (OTP/Loan App Fraud),Medium,Male,36-45,Morning (7-11 AM),Sunday,November,2023,Knife/Sharp Weapon,2,No,Chargesheet Filed,Complaint filed at nearest police chowki; case under review.,Fully Synthetic (for ML training / MVP use only - not real incidents)
NGP-SYN-0036,Ravi Nagar,Zone II,Ravi Nagar,Burglary,Medium,Male,18-25,Early Morning (4-7 AM),Friday,June,2024,Knife/Sharp Weapon,Unknown,Yes,Chargesheet Filed,Reported during routine beat patrolling; preventive action initiated in the locality.,Fully Synthetic (for ML training / MVP use only - not real incidents)
NGP-SYN-0037,Bajeria,Zone III,Bajeria,Burglary,Medium,Male,Under 18,Evening (3-7 PM),Sunday,September,2024,Knife/Sharp Weapon,3,Yes,Case Closed - Convicted,Case reported to local police station; investigation ongoing.,Fully Synthetic (for ML training / MVP use only - not real incidents)
NGP-SYN-0038,Pardi,Zone V,Pardi,Chain Snatching,Medium,Female,18-25,Early Morning (4-7 AM),Saturday,March,2026,Blunt Object,2,No,FIR Registered - Under Investigation,Accused fled the scene; manhunt launched by local police.,Fully Synthetic (for ML training / MVP use only - not real incidents)
NGP-SYN-0039,Ganeshpeth,Zone VI (Gandhibagh),Ganeshpeth,Eve Teasing / Harassment,Low,Female,36-45,Afternoon (11 AM-3 PM),Saturday,September,2026,None,3,No,FIR Registered - Under Investigation,Complaint filed at nearest police chowki; case under review.,Fully Synthetic (for ML training / MVP use only - not real incidents)
NGP-SYN-0040,Pardi,Zone V,Pardi,Theft,Low,Not Specified,36-45,Late Night (11 PM-4 AM),Wednesday,November,2023,None,2,Yes,FIR Registered - Under Investigation,FIR lodged based on victim complaint; no further public details available.,Fully Synthetic (for ML training / MVP use only - not real incidents)
NGP-SYN-0041,Kalyan Nagar,Zone I,Kalyan Nagar,Theft,Low,Male,Under 18,Evening (3-7 PM),Monday,September,2025,None,3,Yes,Under Trial,CCTV footage under review as part of investigation.,Fully Synthetic (for ML training / MVP use only - not real incidents)
NGP-SYN-0042,Gokulpeth,Other,Gokulpeth,Cyber Fraud,Medium,Male,36-45,Afternoon (11 AM-3 PM),Sunday,August,2026,Blunt Object,Unknown,Yes,Under Trial,Complaint filed at nearest police chowki; case under review.,Fully Synthetic (for ML training / MVP use only - not real incidents)
NGP-SYN-0043,Pratap Nagar,Zone I,Pratap Nagar,Burglary,Medium,Male,26-35,Night (7-11 PM),Monday,August,2023,Knife/Sharp Weapon,2,Yes,Case Closed - Acquitted,Incident logged in police records; no fatalities reported.,Fully Synthetic (for ML training / MVP use only - not real incidents)
NGP-SYN-0044,Ganeshpeth,Zone VI (Gandhibagh),Ganeshpeth,Molestation,High,Female,18-25,Night (7-11 PM),Tuesday,September,2023,None/Physical Force,Unknown,No,Chargesheet Filed,Local police confirmed the incident; identity of accused not officially disclosed.,Fully Synthetic (for ML training / MVP use only - not real incidents)
NGP-SYN-0045,Ajni,Zone IV,Ajni,Theft,Low,Not Specified,26-35,Late Night (11 PM-4 AM),Monday,April,2026,None,3,Yes,Chargesheet Filed,Details limited in public record; case status as per station register.,Fully Synthetic (for ML training / MVP use only - not real incidents)
NGP-SYN-0046,Bajeria,Zone III,Bajeria,Burglary,Medium,Not Specified,26-35,Late Night (11 PM-4 AM),Thursday,August,2024,None/Physical Force,Unknown,Yes,Under Trial,Case reported to local police station; investigation ongoing.,Fully Synthetic (for ML training / MVP use only - not real incidents)
NGP-SYN-0047,Beltarodi,Zone IV,Beltarodi,Grievous Hurt,High,Male,26-35,Evening (3-7 PM),Sunday,June,2023,Firearm,Unknown,Yes,Under Trial,Complaint filed at nearest police chowki; case under review.,Fully Synthetic (for ML training / MVP use only - not real incidents)
NGP-SYN-0048,Imambada,Zone VI (Gandhibagh),Imambada,Molestation,High,Female,26-35,Evening (3-7 PM),Sunday,May,2026,Vehicle,1,Yes,FIR Registered - Under Investigation,Case reported to local police station; investigation ongoing.,Fully Synthetic (for ML training / MVP use only - not real incidents)
NGP-SYN-0049,Lakadganj,Zone VI (Gandhibagh),Lakadganj,Grievous Hurt,High,Male,26-35,Late Night (11 PM-4 AM),Monday,July,2024,Blunt Object,1,No,FIR Registered - Under Investigation,Victim taken to nearby hospital for treatment.,Fully Synthetic (for ML training / MVP use only - not real incidents)
NGP-SYN-0050,Pipla,Zone V,Pipla,Attempted Murder,High,Male,36-45,Early Morning (4-7 AM),Thursday,May,2023,None/Physical Force,2,No,Case Closed - Convicted,Case reported to local police station; investigation ongoing.,Fully Synthetic (for ML training / MVP use only - not real incidents)
NGP-SYN-0051,Beltarodi,Zone IV,Beltarodi,Chain Snatching,Medium,Female,36-45,Afternoon (11 AM-3 PM),Friday,August,2024,Knife/Sharp Weapon,1,Yes,Chargesheet Filed,CCTV footage under review as part of investigation.,Fully Synthetic (for ML training / MVP use only - not real incidents)
NGP-SYN-0052,Shraddhanand Peth,Zone II,Shraddhanand Peth,Chain Snatching,Medium,Male,26-35,Night (7-11 PM),Friday,March,2024,Knife/Sharp Weapon,1,Yes,Case Pending,Case registered under relevant sections of BNS; probe underway.,Fully Synthetic (for ML training / MVP use only - not real incidents)
NGP-SYN-0053,Itwari,Zone III,Itwari,Fraud,Medium,Female,26-35,Afternoon (11 AM-3 PM),Saturday,July,2024,None/Physical Force,1,Yes,Under Trial,Neighbourhood watch flagged the incident; forwarded to local police station.,Fully Synthetic (for ML training / MVP use only - not real incidents)
NGP-SYN-0054,Beltarodi,Zone IV,Beltarodi,Eve Teasing / Harassment,Low,Not Specified,18-25,Late Night (11 PM-4 AM),Thursday,July,2026,None,Unknown,Yes,FIR Registered - Under Investigation,CCTV footage under review as part of investigation.,Fully Synthetic (for ML training / MVP use only - not real incidents)
NGP-SYN-0055,Kalmeshwar,Other,Kalmeshwar,Rape,High,Female,36-45,Early Morning (4-7 AM),Thursday,February,2025,None/Physical Force,2,Yes,Case Pending,Case linked to a series of similar incidents in the area.,Fully Synthetic (for ML training / MVP use only - not real incidents)
NGP-SYN-0056,Hawrapeth,Other,Hawrapeth,Cyber Fraud,Medium,Male,26-35,Morning (7-11 AM),Sunday,November,2025,None/Physical Force,1,No,Case Pending,Victim taken to nearby hospital for treatment.,Fully Synthetic (for ML training / MVP use only - not real incidents)
NGP-SYN-0057,Hingna,Zone I,Hingna,Gambling,Low,Male,Under 18,Night (7-11 PM),Saturday,September,2025,None,1,Yes,Case Pending,Complaint filed at nearest police chowki; case under review.,Fully Synthetic (for ML training / MVP use only - not real incidents)
NGP-SYN-0058,Pipla,Zone V,Pipla,Theft,Low,Female,46-60,Afternoon (11 AM-3 PM),Wednesday,August,2024,None,Unknown,Yes,FIR Registered - Under Investigation,Reported during routine beat patrolling; preventive action initiated in the locality.,Fully Synthetic (for ML training / MVP use only - not real incidents)
NGP-SYN-0059,Shraddhanand Peth,Zone II,Shraddhanand Peth,Cyber Fraud,Medium,Male,26-35,Early Morning (4-7 AM),Saturday,November,2023,Knife/Sharp Weapon,1,Yes,FIR Registered - Under Investigation,Complaint filed at nearest police chowki; case under review.,Fully Synthetic (for ML training / MVP use only - not real incidents)
NGP-SYN-0060,Itwari,Zone III,Itwari,Motor Vehicle Theft,Medium,Female,26-35,Early Morning (4-7 AM),Sunday,January,2024,None,2,No,Chargesheet Filed,Local police confirmed the incident; identity of accused not officially disclosed.,Fully Synthetic (for ML training / MVP use only - not real incidents)
NGP-SYN-0061,Ramdaspeth,Zone II,Ramdaspeth,Mobile Phone Snatching,Low,Male,18-25,Afternoon (11 AM-3 PM),Tuesday,October,2025,None,Unknown,Yes,FIR Registered - Under Investigation,Case registered under relevant sections of BNS; probe underway.,Fully Synthetic (for ML training / MVP use only - not real incidents)
NGP-SYN-0062,Besa,Zone V,Besa,Theft,Low,Female,Under 18,Early Morning (4-7 AM),Thursday,March,2025,None,Unknown,No,Chargesheet Filed,Incident logged in police records; no fatalities reported.,Fully Synthetic (for ML training / MVP use only - not real incidents)
NGP-SYN-0063,Hingna,Zone I,Hingna,Domestic Violence / Cruelty by Relatives,Medium,Female,36-45,Afternoon (11 AM-3 PM),Sunday,July,2025,None,1,No,FIR Registered - Under Investigation,Reported during routine beat patrolling; preventive action initiated in the locality.,Fully Synthetic (for ML training / MVP use only - not real incidents)
NGP-SYN-0064,Bajaj Nagar,Zone I,Bajaj Nagar,Theft,Low,Male,60+,Evening (3-7 PM),Wednesday,July,2026,None,4,No,Case Closed - Convicted,Victim taken to nearby hospital for treatment.,Fully Synthetic (for ML training / MVP use only - not real incidents)
NGP-SYN-0065,Subhash Nagar,Zone I,Subhash Nagar,Motor Vehicle Theft,Medium,Male,46-60,Evening (3-7 PM),Monday,August,2025,Blunt Object,3,Yes,Chargesheet Filed,CCTV footage under review as part of investigation.,Fully Synthetic (for ML training / MVP use only - not real incidents)
NGP-SYN-0066,Trimurti Nagar,Zone I,Trimurti Nagar,Eve Teasing / Harassment,Low,Female,46-60,Evening (3-7 PM),Wednesday,October,2025,None,Unknown,Yes,FIR Registered - Under Investigation,Reported during routine beat patrolling; preventive action initiated in the locality.,Fully Synthetic (for ML training / MVP use only - not real incidents)
NGP-SYN-0067,Mangalwari,Zone III,Mangalwari,Assault,Medium,Male,36-45,Afternoon (11 AM-3 PM),Saturday,August,2024,None/Physical Force,1,No,FIR Registered - Under Investigation,Incident logged in police records; no fatalities reported.,Fully Synthetic (for ML training / MVP use only - not real incidents)
NGP-SYN-0068,Nandanvan,Zone IV,Nandanvan,Burglary,Medium,Female,26-35,Morning (7-11 AM),Sunday,December,2025,None/Physical Force,1,Yes,Under Trial,Incident reported by area residents; police patrol increased subsequently.,Fully Synthetic (for ML training / MVP use only - not real incidents)
NGP-SYN-0069,Gandhibagh,Zone III,Gandhibagh,Burglary,Medium,Not Specified,36-45,Afternoon (11 AM-3 PM),Friday,August,2025,Blunt Object,Unknown,Yes,Chargesheet Filed,Neighbourhood watch flagged the incident; forwarded to local police station.,Fully Synthetic (for ML training / MVP use only - not real incidents)
NGP-SYN-0070,Bajaj Nagar,Zone I,Bajaj Nagar,Attempted Murder,High,Not Specified,18-25,Morning (7-11 AM),Tuesday,March,2026,None/Physical Force,2,Yes,Case Pending,Incident reported by area residents; police patrol increased subsequently.,Fully Synthetic (for ML training / MVP use only - not real incidents)
NGP-SYN-0071,Pachpaoli,Zone VI (Gandhibagh),Pachpaoli,Grievous Hurt,High,Male,26-35,Afternoon (11 AM-3 PM),Tuesday,August,2024,Blunt Object,1,Yes,FIR Registered - Under Investigation,Incident reported by area residents; police patrol increased subsequently.,Fully Synthetic (for ML training / MVP use only - not real incidents)
NGP-SYN-0072,Pipla,Zone V,Pipla,Murder,High,Female,18-25,Early Morning (4-7 AM),Saturday,February,2024,Knife/Sharp Weapon,1,No,Case Closed - Convicted,Incident logged in police records; no fatalities reported.,Fully Synthetic (for ML training / MVP use only - not real incidents)
NGP-SYN-0073,Seminary Hills,Other,Seminary Hills,Cyber Fraud,Medium,Female,Under 18,Late Night (11 PM-4 AM),Sunday,October,2023,Knife/Sharp Weapon,1,Yes,FIR Registered - Under Investigation,Details limited in public record; case status as per station register.,Fully Synthetic (for ML training / MVP use only - not real incidents)
NGP-SYN-0074,Dharampeth,Zone II,Dharampeth,Cyber Fraud,Medium,Not Specified,36-45,Afternoon (11 AM-3 PM),Wednesday,October,2025,None/Physical Force,1,Yes,FIR Registered - Under Investigation,Case registered under relevant sections of BNS; probe underway.,Fully Synthetic (for ML training / MVP use only - not real incidents)
NGP-SYN-0075,Sitabuldi,Zone III,Sitabuldi,Theft,Low,Not Specified,46-60,Night (7-11 PM),Tuesday,June,2024,None,1,Yes,Under Trial,Details limited in public record; case status as per station register.,Fully Synthetic (for ML training / MVP use only - not real incidents)
NGP-SYN-0076,Kapil Nagar,Zone V,Kapil Nagar,Illegal Liquor Trade,Low,Male,46-60,Evening (3-7 PM),Thursday,March,2023,None,Unknown,Yes,Case Closed - Acquitted,Accused fled the scene; manhunt launched by local police.,Fully Synthetic (for ML training / MVP use only - not real incidents)
NGP-SYN-0077,Ajni,Zone IV,Ajni,Grievous Hurt,High,Male,46-60,Late Night (11 PM-4 AM),Saturday,June,2026,None/Physical Force,1,Yes,Chargesheet Filed,Case registered under relevant sections of BNS; probe underway.,Fully Synthetic (for ML training / MVP use only - not real incidents)
NGP-SYN-0078,Hudkeshwar,Zone IV,Hudkeshwar,Fatal Road Accident (Rash Driving),High,Female,18-25,Morning (7-11 AM),Tuesday,March,2025,Vehicle,1,Yes,Absconding Accused,Case reported to local police station; investigation ongoing.,Fully Synthetic (for ML training / MVP use only - not real incidents)
NGP-SYN-0079,Ajni,Zone IV,Ajni,NDPS (Narcotics),Medium,Not Specified,26-35,Night (7-11 PM),Tuesday,September,2024,Blunt Object,2,Yes,FIR Registered - Under Investigation,FIR lodged based on victim complaint; no further public details available.,Fully Synthetic (for ML training / MVP use only - not real incidents)
NGP-SYN-0080,Byramji Town,Other,Byramji Town,NDPS (Narcotics),Medium,Male,60+,Morning (7-11 AM),Thursday,November,2025,None,2,No,Chargesheet Filed,FIR lodged based on victim complaint; no further public details available.,Fully Synthetic (for ML training / MVP use only - not real incidents)
NGP-SYN-0081,Ravi Nagar,Zone II,Ravi Nagar,Drug Trafficking,High,Male,36-45,Night (7-11 PM),Monday,April,2023,Knife/Sharp Weapon,1,No,Under Trial,Complaint filed at nearest police chowki; case under review.,Fully Synthetic (for ML training / MVP use only - not real incidents)
NGP-SYN-0082,Civil Lines,Zone II,Civil Lines,House Break-in,Medium,Male,26-35,Early Morning (4-7 AM),Friday,July,2024,None/Physical Force,2,Yes,Case Closed - Acquitted,Incident logged in police records; no fatalities reported.,Fully Synthetic (for ML training / MVP use only - not real incidents)
NGP-SYN-0083,Beltarodi,Zone IV,Beltarodi,Burglary,Medium,Not Specified,26-35,Afternoon (11 AM-3 PM),Monday,January,2024,Knife/Sharp Weapon,2,No,Chargesheet Filed,Details limited in public record; case status as per station register.,Fully Synthetic (for ML training / MVP use only - not real incidents)
NGP-SYN-0084,Kapil Nagar,Zone V,Kapil Nagar,Cyber Fraud,Medium,Male,26-35,Late Night (11 PM-4 AM),Sunday,February,2024,None/Physical Force,2,Yes,FIR Registered - Under Investigation,Incident logged in police records; no fatalities reported.,Fully Synthetic (for ML training / MVP use only - not real incidents)
NGP-SYN-0085,Sadar,Zone II,Sadar,Theft,Low,Female,26-35,Late Night (11 PM-4 AM),Sunday,November,2026,None,1,Yes,Under Trial,Incident reported by area residents; police patrol increased subsequently.,Fully Synthetic (for ML training / MVP use only - not real incidents)
NGP-SYN-0086,Pachpaoli,Zone VI (Gandhibagh),Pachpaoli,Assault,Medium,Male,46-60,Morning (7-11 AM),Saturday,March,2026,Knife/Sharp Weapon,1,No,Case Pending,Victim taken to nearby hospital for treatment.,Fully Synthetic (for ML training / MVP use only - not real incidents)
NGP-SYN-0087,Khapri,Zone V,Khapri,Kidnapping,High,Male,36-45,Evening (3-7 PM),Tuesday,August,2025,None/Physical Force,2,Yes,FIR Registered - Under Investigation,Details limited in public record; case status as per station register.,Fully Synthetic (for ML training / MVP use only - not real incidents)
NGP-SYN-0088,Pratap Nagar,Zone I,Pratap Nagar,Burglary,Medium,Male,36-45,Evening (3-7 PM),Sunday,March,2026,Knife/Sharp Weapon,3,Yes,Case Closed - Acquitted,Victim taken to nearby hospital for treatment.,Fully Synthetic (for ML training / MVP use only - not real incidents)
NGP-SYN-0089,Rajendra Nagar,Other,Rajendra Nagar,Theft,Low,Female,26-35,Night (7-11 PM),Saturday,July,2025,None,1,Yes,FIR Registered - Under Investigation,Victim taken to nearby hospital for treatment.,Fully Synthetic (for ML training / MVP use only - not real incidents)
NGP-SYN-0090,Ramdaspeth,Zone II,Ramdaspeth,House Break-in,Medium,Female,26-35,Late Night (11 PM-4 AM),Sunday,May,2026,Blunt Object,2,Yes,Case Closed - Convicted,Neighbourhood watch flagged the incident; forwarded to local police station.,Fully Synthetic (for ML training / MVP use only - not real incidents)
NGP-SYN-0091,Godhni,Zone V,Godhni,Cybercrime (OTP/Loan App Fraud),Medium,Male,18-25,Late Night (11 PM-4 AM),Wednesday,September,2024,Knife/Sharp Weapon,1,Yes,Case Closed - Convicted,Case reported to local police station; investigation ongoing.,Fully Synthetic (for ML training / MVP use only - not real incidents)
NGP-SYN-0092,Wadi,Zone I,Wadi,Assault,Medium,Male,18-25,Night (7-11 PM),Friday,May,2024,Knife/Sharp Weapon,2,Yes,Case Closed - Convicted,Incident reported by area residents; police patrol increased subsequently.,Fully Synthetic (for ML training / MVP use only - not real incidents)
NGP-SYN-0093,Sadar,Zone II,Sadar,Cyber Fraud,Medium,Male,26-35,Night (7-11 PM),Thursday,May,2026,None/Physical Force,1,Yes,Case Closed - Acquitted,Victim taken to nearby hospital for treatment.,Fully Synthetic (for ML training / MVP use only - not real incidents)
NGP-SYN-0094,Godhni,Zone V,Godhni,Assault,Medium,Not Specified,26-35,Night (7-11 PM),Monday,January,2026,None,1,Yes,FIR Registered - Under Investigation,Neighbourhood watch flagged the incident; forwarded to local police station.,Fully Synthetic (for ML training / MVP use only - not real incidents)
NGP-SYN-0095,Hawrapeth,Other,Hawrapeth,Chain Snatching,Medium,Female,36-45,Night (7-11 PM),Saturday,October,2023,Blunt Object,1,Yes,FIR Registered - Under Investigation,Neighbourhood watch flagged the incident; forwarded to local police station.,Fully Synthetic (for ML training / MVP use only - not real incidents)
NGP-SYN-0096,Khapri,Zone V,Khapri,Assault,Medium,Male,Under 18,Afternoon (11 AM-3 PM),Saturday,July,2023,None,2,Yes,Under Trial,Incident logged in police records; no fatalities reported.,Fully Synthetic (for ML training / MVP use only - not real incidents)
NGP-SYN-0097,Bajaj Nagar,Zone I,Bajaj Nagar,Chain Snatching,Medium,Female,18-25,Night (7-11 PM),Saturday,September,2024,Knife/Sharp Weapon,Unknown,Yes,Under Trial,Complaint filed at nearest police chowki; case under review.,Fully Synthetic (for ML training / MVP use only - not real incidents)
NGP-SYN-0098,Itwari,Zone III,Itwari,Cattle Theft,Low,Male,Under 18,Late Night (11 PM-4 AM),Tuesday,April,2026,None,1,No,Absconding Accused,Accused fled the scene; manhunt launched by local police.,Fully Synthetic (for ML training / MVP use only - not real incidents)
NGP-SYN-0099,Pipla,Zone V,Pipla,Motor Vehicle Theft,Medium,Female,36-45,Late Night (11 PM-4 AM),Sunday,January,2025,None,3,Yes,Chargesheet Filed,Case reported to local police station; investigation ongoing.,Fully Synthetic (for ML training / MVP use only - not real incidents)
NGP-SYN-0100,Itwari,Zone III,Itwari,Fraud,Medium,Female,Under 18,Night (7-11 PM),Friday,February,2023,Blunt Object,1,Yes,FIR Registered - Under Investigation,Incident reported by area residents; police patrol increased subsequently.,Fully Synthetic (for ML training / MVP use only - not real incidents)
NGP-SYN-0101,Hingna,Zone I,Hingna,Theft,Low,Male,36-45,Night (7-11 PM),Sunday,April,2026,None,2,Yes,Under Trial,Case linked to a series of similar incidents in the area.,Fully Synthetic (for ML training / MVP use only - not real incidents)
NGP-SYN-0102,Ashok Nagar,Other,Ashok Nagar,Attempted Murder,High,Male,18-25,Afternoon (11 AM-3 PM),Monday,November,2026,Firearm,2,No,FIR Registered - Under Investigation,Case linked to a series of similar incidents in the area.,Fully Synthetic (for ML training / MVP use only - not real incidents)
NGP-SYN-0103,Sadar,Zone II,Sadar,Cyber Fraud,Medium,Male,26-35,Afternoon (11 AM-3 PM),Monday,May,2024,Knife/Sharp Weapon,Unknown,No,FIR Registered - Under Investigation,Accused fled the scene; manhunt launched by local police.,Fully Synthetic (for ML training / MVP use only - not real incidents)
NGP-SYN-0104,Kapil Nagar,Zone V,Kapil Nagar,Gambling,Low,Male,Under 18,Night (7-11 PM),Wednesday,February,2025,None,2,No,FIR Registered - Under Investigation,Incident logged in police records; no fatalities reported.,Fully Synthetic (for ML training / MVP use only - not real incidents)
NGP-SYN-0105,Gokulpeth,Other,Gokulpeth,Mobile Phone Snatching,Low,Not Specified,18-25,Late Night (11 PM-4 AM),Monday,January,2024,None,2,Yes,Case Closed - Convicted,Reported during routine beat patrolling; preventive action initiated in the locality.,Fully Synthetic (for ML training / MVP use only - not real incidents)
NGP-SYN-0106,Dharampeth,Zone II,Dharampeth,Illegal Liquor Trade,Low,Not Specified,46-60,Evening (3-7 PM),Saturday,April,2023,None,1,Yes,Case Closed - Convicted,Case registered under relevant sections of BNS; probe underway.,Fully Synthetic (for ML training / MVP use only - not real incidents)
NGP-SYN-0107,Subhash Nagar,Zone I,Subhash Nagar,Assault,Medium,Not Specified,36-45,Late Night (11 PM-4 AM),Monday,December,2026,Knife/Sharp Weapon,1,No,FIR Registered - Under Investigation,Complaint filed at nearest police chowki; case under review.,Fully Synthetic (for ML training / MVP use only - not real incidents)
NGP-SYN-0108,Gaddi Godam,Zone III,Gaddi Godam,Mobile Phone Snatching,Low,Female,26-35,Night (7-11 PM),Sunday,October,2023,None,2,No,Case Pending,Accused fled the scene; manhunt launched by local police.,Fully Synthetic (for ML training / MVP use only - not real incidents)
NGP-SYN-0109,Bajeria,Zone III,Bajeria,House Break-in,Medium,Female,36-45,Night (7-11 PM),Friday,May,2025,Blunt Object,2,Yes,Chargesheet Filed,Case registered under relevant sections of BNS; probe underway.,Fully Synthetic (for ML training / MVP use only - not real incidents)
NGP-SYN-0110,Shraddhanand Peth,Zone II,Shraddhanand Peth,Murder,High,Male,36-45,Afternoon (11 AM-3 PM),Saturday,April,2023,Vehicle,1,Yes,FIR Registered - Under Investigation,Reported during routine beat patrolling; preventive action initiated in the locality.,Fully Synthetic (for ML training / MVP use only - not real incidents)
NGP-SYN-0111,Ramdaspeth,Zone II,Ramdaspeth,Mobile Phone Snatching,Low,Male,36-45,Morning (7-11 AM),Saturday,May,2026,None,1,Yes,Chargesheet Filed,Local police confirmed the incident; identity of accused not officially disclosed.,Fully Synthetic (for ML training / MVP use only - not real incidents)
NGP-SYN-0112,Bajaj Nagar,Zone I,Bajaj Nagar,Assault,Medium,Male,26-35,Late Night (11 PM-4 AM),Tuesday,December,2026,None/Physical Force,1,No,Chargesheet Filed,Neighbourhood watch flagged the incident; forwarded to local police station.,Fully Synthetic (for ML training / MVP use only - not real incidents)
NGP-SYN-0113,Gaddi Godam,Zone III,Gaddi Godam,Theft,Low,Male,46-60,Late Night (11 PM-4 AM),Thursday,November,2025,None,3,Yes,Under Trial,Case linked to a series of similar incidents in the area.,Fully Synthetic (for ML training / MVP use only - not real incidents)
NGP-SYN-0114,Seminary Hills,Other,Seminary Hills,Attempted Murder,High,Male,26-35,Night (7-11 PM),Tuesday,July,2025,Blunt Object,3,Yes,FIR Registered - Under Investigation,Victim taken to nearby hospital for treatment.,Fully Synthetic (for ML training / MVP use only - not real incidents)
NGP-SYN-0115,Bhandewadi,Other,Bhandewadi,Chain Snatching,Medium,Male,36-45,Evening (3-7 PM),Saturday,March,2025,None,1,No,Case Closed - Convicted,Reported during routine beat patrolling; preventive action initiated in the locality.,Fully Synthetic (for ML training / MVP use only - not real incidents)
NGP-SYN-0116,Wadi,Zone I,Wadi,Cyber Fraud,Medium,Male,18-25,Night (7-11 PM),Thursday,October,2023,Blunt Object,2,Yes,Case Closed - Convicted,Neighbourhood watch flagged the incident; forwarded to local police station.,Fully Synthetic (for ML training / MVP use only - not real incidents)
NGP-SYN-0117,Rajendra Nagar,Other,Rajendra Nagar,Theft,Low,Not Specified,36-45,Evening (3-7 PM),Friday,July,2025,None,3,No,FIR Registered - Under Investigation,Victim taken to nearby hospital for treatment.,Fully Synthetic (for ML training / MVP use only - not real incidents)
NGP-SYN-0118,Mahal,Zone VI (Gandhibagh),Mahal,Assault,Medium,Male,26-35,Afternoon (11 AM-3 PM),Saturday,November,2026,None/Physical Force,1,Yes,FIR Registered - Under Investigation,CCTV footage under review as part of investigation.,Fully Synthetic (for ML training / MVP use only - not real incidents)
NGP-SYN-0119,Kotwali,Zone VI (Gandhibagh),Kotwali,Mobile Phone Snatching,Low,Female,60+,Late Night (11 PM-4 AM),Sunday,February,2023,None,2,Yes,Chargesheet Filed,Victim taken to nearby hospital for treatment.,Fully Synthetic (for ML training / MVP use only - not real incidents)
NGP-SYN-0120,Giripeth,Zone II,Giripeth,Fraud,Medium,Male,36-45,Evening (3-7 PM),Saturday,September,2024,None,2,No,Chargesheet Filed,Incident reported by area residents; police patrol increased subsequently.,Fully Synthetic (for ML training / MVP use only - not real incidents)
NGP-SYN-0121,Ramdaspeth,Zone II,Ramdaspeth,Gambling,Low,Female,60+,Night (7-11 PM),Wednesday,May,2026,None,1,Yes,Chargesheet Filed,Case registered under relevant sections of BNS; probe underway.,Fully Synthetic (for ML training / MVP use only - not real incidents)
NGP-SYN-0122,Yashodhara Nagar,Zone V,Yashodhara Nagar,Cyber Fraud,Medium,Female,18-25,Morning (7-11 AM),Sunday,June,2026,None,1,Yes,FIR Registered - Under Investigation,Incident reported by area residents; police patrol increased subsequently.,Fully Synthetic (for ML training / MVP use only - not real incidents)
NGP-SYN-0123,Mahal,Zone VI (Gandhibagh),Mahal,Robbery,High,Male,36-45,Late Night (11 PM-4 AM),Tuesday,April,2025,Blunt Object,3,Yes,Case Closed - Convicted,Victim taken to nearby hospital for treatment.,Fully Synthetic (for ML training / MVP use only - not real incidents)
NGP-SYN-0124,Nandanvan,Zone IV,Nandanvan,Mobile Phone Snatching,Low,Female,46-60,Morning (7-11 AM),Sunday,November,2026,None,2,Yes,Case Closed - Acquitted,Local police confirmed the incident; identity of accused not officially disclosed.,Fully Synthetic (for ML training / MVP use only - not real incidents)
NGP-SYN-0125,Ganeshpeth,Zone VI (Gandhibagh),Ganeshpeth,Fraud,Medium,Male,18-25,Night (7-11 PM),Monday,September,2025,Blunt Object,1,Yes,Under Trial,Incident logged in police records; no fatalities reported.,Fully Synthetic (for ML training / MVP use only - not real incidents)
NGP-SYN-0126,Hudkeshwar,Zone IV,Hudkeshwar,Cyber Fraud,Medium,Not Specified,36-45,Night (7-11 PM),Thursday,October,2025,Blunt Object,2,Yes,Under Trial,CCTV footage under review as part of investigation.,Fully Synthetic (for ML training / MVP use only - not real incidents)
NGP-SYN-0127,Pachpaoli,Zone VI (Gandhibagh),Pachpaoli,Motor Vehicle Theft,Medium,Male,36-45,Night (7-11 PM),Wednesday,December,2023,None/Physical Force,2,No,FIR Registered - Under Investigation,Victim taken to nearby hospital for treatment.,Fully Synthetic (for ML training / MVP use only - not real incidents)
NGP-SYN-0128,Sadar,Zone II,Sadar,Cyber Fraud,Medium,Male,36-45,Night (7-11 PM),Thursday,June,2025,Knife/Sharp Weapon,3,Yes,FIR Registered - Under Investigation,Victim taken to nearby hospital for treatment.,Fully Synthetic (for ML training / MVP use only - not real incidents)
NGP-SYN-0129,Beltarodi,Zone IV,Beltarodi,Mobile Phone Snatching,Low,Female,Under 18,Afternoon (11 AM-3 PM),Wednesday,July,2026,None,4,No,FIR Registered - Under Investigation,Neighbourhood watch flagged the incident; forwarded to local police station.,Fully Synthetic (for ML training / MVP use only - not real incidents)
NGP-SYN-0130,Ravi Nagar,Zone II,Ravi Nagar,House Break-in,Medium,Female,26-35,Late Night (11 PM-4 AM),Monday,November,2023,Knife/Sharp Weapon,1,No,Under Trial,Victim taken to nearby hospital for treatment.,Fully Synthetic (for ML training / MVP use only - not real incidents)
NGP-SYN-0131,Friends Colony,Zone IV,Friends Colony,Fraud,Medium,Not Specified,18-25,Early Morning (4-7 AM),Friday,August,2026,None/Physical Force,3,Yes,FIR Registered - Under Investigation,Victim taken to nearby hospital for treatment.,Fully Synthetic (for ML training / MVP use only - not real incidents)
NGP-SYN-0132,Jaripatka,Zone V,Jaripatka,Illegal Weapons Possession,Medium,Not Specified,36-45,Morning (7-11 AM),Saturday,August,2025,None/Physical Force,2,Yes,FIR Registered - Under Investigation,Victim taken to nearby hospital for treatment.,Fully Synthetic (for ML training / MVP use only - not real incidents)
NGP-SYN-0133,Nandanvan,Zone IV,Nandanvan,Attempted Murder,High,Male,36-45,Late Night (11 PM-4 AM),Friday,May,2023,Blunt Object,1,Yes,Under Trial,Accused fled the scene; manhunt launched by local police.,Fully Synthetic (for ML training / MVP use only - not real incidents)
NGP-SYN-0134,Sitabuldi,Zone III,Sitabuldi,Motor Vehicle Theft,Medium,Female,26-35,Night (7-11 PM),Sunday,February,2025,None/Physical Force,2,Yes,Chargesheet Filed,Victim taken to nearby hospital for treatment.,Fully Synthetic (for ML training / MVP use only - not real incidents)
NGP-SYN-0135,Wadi,Zone I,Wadi,Motor Vehicle Theft,Medium,Female,60+,Night (7-11 PM),Monday,February,2024,Blunt Object,Unknown,Yes,Chargesheet Filed,CCTV footage under review as part of investigation.,Fully Synthetic (for ML training / MVP use only - not real incidents)
NGP-SYN-0136,Ajni,Zone IV,Ajni,Assault,Medium,Male,18-25,Night (7-11 PM),Monday,August,2023,None/Physical Force,1,No,FIR Registered - Under Investigation,Local police confirmed the incident; identity of accused not officially disclosed.,Fully Synthetic (for ML training / MVP use only - not real incidents)
NGP-SYN-0137,Sadar,Zone II,Sadar,Domestic Violence / Cruelty by Relatives,Medium,Female,36-45,Late Night (11 PM-4 AM),Friday,November,2023,Blunt Object,2,Yes,Under Trial,Accused fled the scene; manhunt launched by local police.,Fully Synthetic (for ML training / MVP use only - not real incidents)
NGP-SYN-0138,Wadi,Zone I,Wadi,Murder,High,Male,46-60,Early Morning (4-7 AM),Friday,December,2024,Vehicle,4,No,FIR Registered - Under Investigation,Incident reported by area residents; police patrol increased subsequently.,Fully Synthetic (for ML training / MVP use only - not real incidents)
NGP-SYN-0139,Mangalwari,Zone III,Mangalwari,Assault,Medium,Not Specified,26-35,Night (7-11 PM),Saturday,June,2026,Blunt Object,1,Yes,FIR Registered - Under Investigation,Incident reported by area residents; police patrol increased subsequently.,Fully Synthetic (for ML training / MVP use only - not real incidents)
NGP-SYN-0140,Suyog Nagar,Other,Suyog Nagar,Motor Vehicle Theft,Medium,Male,26-35,Late Night (11 PM-4 AM),Saturday,November,2025,Knife/Sharp Weapon,1,No,FIR Registered - Under Investigation,Victim taken to nearby hospital for treatment.,Fully Synthetic (for ML training / MVP use only - not real incidents)
NGP-SYN-0141,Hingna,Zone I,Hingna,Robbery,High,Not Specified,26-35,Late Night (11 PM-4 AM),Sunday,October,2025,Knife/Sharp Weapon,1,No,Chargesheet Filed,Case registered under relevant sections of BNS; probe underway.,Fully Synthetic (for ML training / MVP use only - not real incidents)
NGP-SYN-0142,Mominpura,Zone III,Mominpura,Theft,Low,Female,46-60,Morning (7-11 AM),Tuesday,October,2023,None,3,No,FIR Registered - Under Investigation,Local police confirmed the incident; identity of accused not officially disclosed.,Fully Synthetic (for ML training / MVP use only - not real incidents)
NGP-SYN-0143,Vayusena Nagar,Other,Vayusena Nagar,Fraud,Medium,Female,26-35,Night (7-11 PM),Tuesday,December,2024,None,2,Yes,Under Trial,Local police confirmed the incident; identity of accused not officially disclosed.,Fully Synthetic (for ML training / MVP use only - not real incidents)
NGP-SYN-0144,Ramdaspeth,Zone II,Ramdaspeth,Cyber Fraud,Medium,Not Specified,46-60,Late Night (11 PM-4 AM),Sunday,June,2025,None,2,Yes,Case Closed - Convicted,FIR lodged based on victim complaint; no further public details available.,Fully Synthetic (for ML training / MVP use only - not real incidents)
NGP-SYN-0145,Gandhinagar,Other,Gandhinagar,Murder,High,Female,18-25,Night (7-11 PM),Wednesday,December,2023,Knife/Sharp Weapon,1,Yes,FIR Registered - Under Investigation,Reported during routine beat patrolling; preventive action initiated in the locality.,Fully Synthetic (for ML training / MVP use only - not real incidents)
NGP-SYN-0146,Chaoni,Other,Chaoni,Gambling,Low,Male,60+,Early Morning (4-7 AM),Sunday,August,2024,None,2,Yes,Under Trial,FIR lodged based on victim complaint; no further public details available.,Fully Synthetic (for ML training / MVP use only - not real incidents)
NGP-SYN-0147,Pardi,Zone V,Pardi,House Break-in,Medium,Male,60+,Early Morning (4-7 AM),Thursday,May,2024,None,3,No,Case Closed - Convicted,FIR lodged based on victim complaint; no further public details available.,Fully Synthetic (for ML training / MVP use only - not real incidents)
NGP-SYN-0148,Ramdaspeth,Zone II,Ramdaspeth,NDPS (Narcotics),Medium,Male,60+,Evening (3-7 PM),Wednesday,September,2023,None,2,No,FIR Registered - Under Investigation,Case linked to a series of similar incidents in the area.,Fully Synthetic (for ML training / MVP use only - not real incidents)
NGP-SYN-0149,Trimurti Nagar,Zone I,Trimurti Nagar,Kidnapping,High,Male,Under 18,Night (7-11 PM),Friday,November,2025,Blunt Object,4,Yes,Case Closed - Convicted,Complaint filed at nearest police chowki; case under review.,Fully Synthetic (for ML training / MVP use only - not real incidents)
NGP-SYN-0150,Ravi Nagar,Zone II,Ravi Nagar,House Break-in,Medium,Male,60+,Morning (7-11 AM),Sunday,January,2025,Knife/Sharp Weapon,2,Yes,FIR Registered - Under Investigation,Case reported to local police station; investigation ongoing.,Fully Synthetic (for ML training / MVP use only - not real incidents)
NGP-SYN-0151,Vayusena Nagar,Other,Vayusena Nagar,Domestic Violence / Cruelty by Relatives,Medium,Female,18-25,Morning (7-11 AM),Friday,May,2025,None/Physical Force,2,Yes,Absconding Accused,Details limited in public record; case status as per station register.,Fully Synthetic (for ML training / MVP use only - not real incidents)
NGP-SYN-0152,Mominpura,Zone III,Mominpura,Cyber Fraud,Medium,Female,26-35,Morning (7-11 AM),Monday,November,2026,Blunt Object,1,No,Chargesheet Filed,Incident logged in police records; no fatalities reported.,Fully Synthetic (for ML training / MVP use only - not real incidents)
NGP-SYN-0153,Seminary Hills,Other,Seminary Hills,Theft,Low,Male,46-60,Late Night (11 PM-4 AM),Sunday,July,2026,None,2,Yes,Under Trial,Case reported to local police station; investigation ongoing.,Fully Synthetic (for ML training / MVP use only - not real incidents)
NGP-SYN-0154,Seminary Hills,Other,Seminary Hills,House Break-in,Medium,Female,26-35,Morning (7-11 AM),Thursday,December,2023,Knife/Sharp Weapon,1,No,FIR Registered - Under Investigation,Neighbourhood watch flagged the incident; forwarded to local police station.,Fully Synthetic (for ML training / MVP use only - not real incidents)
NGP-SYN-0155,Manish Nagar,Zone IV,Manish Nagar,Chain Snatching,Medium,Female,18-25,Morning (7-11 AM),Monday,August,2023,Knife/Sharp Weapon,2,Yes,Chargesheet Filed,Reported during routine beat patrolling; preventive action initiated in the locality.,Fully Synthetic (for ML training / MVP use only - not real incidents)
NGP-SYN-0156,Pardi,Zone V,Pardi,Chain Snatching,Medium,Female,46-60,Night (7-11 PM),Thursday,June,2024,None/Physical Force,Unknown,No,FIR Registered - Under Investigation,Local police confirmed the incident; identity of accused not officially disclosed.,Fully Synthetic (for ML training / MVP use only - not real incidents)
NGP-SYN-0157,Gaddi Godam,Zone III,Gaddi Godam,Theft,Low,Male,36-45,Early Morning (4-7 AM),Sunday,August,2025,None,1,Yes,FIR Registered - Under Investigation,Neighbourhood watch flagged the incident; forwarded to local police station.,Fully Synthetic (for ML training / MVP use only - not real incidents)
NGP-SYN-0158,Indora,Other,Indora,Theft,Low,Male,Under 18,Evening (3-7 PM),Sunday,March,2025,None,1,Yes,FIR Registered - Under Investigation,Incident reported by area residents; police patrol increased subsequently.,Fully Synthetic (for ML training / MVP use only - not real incidents)
NGP-SYN-0159,Yashodhara Nagar,Zone V,Yashodhara Nagar,Chain Snatching,Medium,Female,36-45,Late Night (11 PM-4 AM),Saturday,November,2023,Knife/Sharp Weapon,2,No,FIR Registered - Under Investigation,CCTV footage under review as part of investigation.,Fully Synthetic (for ML training / MVP use only - not real incidents)
NGP-SYN-0160,Kalyan Nagar,Zone I,Kalyan Nagar,Mobile Phone Snatching,Low,Female,46-60,Late Night (11 PM-4 AM),Monday,August,2026,None,3,Yes,Chargesheet Filed,Case reported to local police station; investigation ongoing.,Fully Synthetic (for ML training / MVP use only - not real incidents)
NGP-SYN-0161,Imambada,Zone VI (Gandhibagh),Imambada,Theft,Low,Male,46-60,Afternoon (11 AM-3 PM),Friday,October,2025,None,2,Yes,FIR Registered - Under Investigation,Case linked to a series of similar incidents in the area.,Fully Synthetic (for ML training / MVP use only - not real incidents)
NGP-SYN-0162,Yashodhara Nagar,Zone V,Yashodhara Nagar,Cyber Fraud,Medium,Male,18-25,Evening (3-7 PM),Sunday,October,2026,Knife/Sharp Weapon,1,Yes,Under Trial,Case reported to local police station; investigation ongoing.,Fully Synthetic (for ML training / MVP use only - not real incidents)
NGP-SYN-0163,Friends Colony,Zone IV,Friends Colony,Domestic Violence / Cruelty by Relatives,Medium,Female,26-35,Night (7-11 PM),Tuesday,October,2023,None/Physical Force,1,Yes,FIR Registered - Under Investigation,Incident reported by area residents; police patrol increased subsequently.,Fully Synthetic (for ML training / MVP use only - not real incidents)
NGP-SYN-0164,Wadi,Zone I,Wadi,NDPS (Narcotics),Medium,Male,36-45,Late Night (11 PM-4 AM),Thursday,October,2025,Knife/Sharp Weapon,1,Yes,FIR Registered - Under Investigation,Neighbourhood watch flagged the incident; forwarded to local police station.,Fully Synthetic (for ML training / MVP use only - not real incidents)
NGP-SYN-0165,Hingna,Zone I,Hingna,House Break-in,Medium,Male,26-35,Afternoon (11 AM-3 PM),Friday,March,2023,Knife/Sharp Weapon,1,Yes,FIR Registered - Under Investigation,Details limited in public record; case status as per station register.,Fully Synthetic (for ML training / MVP use only - not real incidents)
NGP-SYN-0166,Wardhaman Nagar,Zone IV,Wardhaman Nagar,Grievous Hurt,High,Female,46-60,Morning (7-11 AM),Friday,October,2025,None/Physical Force,Unknown,Yes,Under Trial,Case reported to local police station; investigation ongoing.,Fully Synthetic (for ML training / MVP use only - not real incidents)
NGP-SYN-0167,Gaddi Godam,Zone III,Gaddi Godam,Gambling,Low,Male,36-45,Late Night (11 PM-4 AM),Wednesday,January,2026,None,2,Yes,Under Trial,Neighbourhood watch flagged the incident; forwarded to local police station.,Fully Synthetic (for ML training / MVP use only - not real incidents)
NGP-SYN-0168,Bhandewadi,Other,Bhandewadi,House Break-in,Medium,Male,26-35,Evening (3-7 PM),Monday,November,2024,None/Physical Force,Unknown,Yes,Chargesheet Filed,Case registered under relevant sections of BNS; probe underway.,Fully Synthetic (for ML training / MVP use only - not real incidents)
NGP-SYN-0169,Wardhaman Nagar,Zone IV,Wardhaman Nagar,Gambling,Low,Male,46-60,Late Night (11 PM-4 AM),Saturday,May,2025,None,2,Yes,FIR Registered - Under Investigation,Details limited in public record; case status as per station register.,Fully Synthetic (for ML training / MVP use only - not real incidents)
NGP-SYN-0170,Yashodhara Nagar,Zone V,Yashodhara Nagar,Fatal Road Accident (Rash Driving),High,Male,Under 18,Morning (7-11 AM),Wednesday,May,2024,Knife/Sharp Weapon,1,Yes,Case Pending,CCTV footage under review as part of investigation.,Fully Synthetic (for ML training / MVP use only - not real incidents)
NGP-SYN-0171,Khapri,Zone V,Khapri,Rioting,High,Male,26-35,Evening (3-7 PM),Thursday,May,2025,Knife/Sharp Weapon,1,Yes,Chargesheet Filed,Details limited in public record; case status as per station register.,Fully Synthetic (for ML training / MVP use only - not real incidents)
NGP-SYN-0172,Khapri,Zone V,Khapri,Theft,Low,Female,26-35,Night (7-11 PM),Friday,August,2025,None,2,Yes,FIR Registered - Under Investigation,Local police confirmed the incident; identity of accused not officially disclosed.,Fully Synthetic (for ML training / MVP use only - not real incidents)
NGP-SYN-0173,Ramdaspeth,Zone II,Ramdaspeth,Burglary,Medium,Male,26-35,Afternoon (11 AM-3 PM),Wednesday,April,2024,None,1,Yes,FIR Registered - Under Investigation,Neighbourhood watch flagged the incident; forwarded to local police station.,Fully Synthetic (for ML training / MVP use only - not real incidents)
NGP-SYN-0174,Ramdaspeth,Zone II,Ramdaspeth,Attempted Murder,High,Male,18-25,Late Night (11 PM-4 AM),Monday,November,2024,Firearm,1,Yes,Case Closed - Convicted,Neighbourhood watch flagged the incident; forwarded to local police station.,Fully Synthetic (for ML training / MVP use only - not real incidents)
NGP-SYN-0175,Kalyan Nagar,Zone I,Kalyan Nagar,Domestic Violence / Cruelty by Relatives,Medium,Female,36-45,Late Night (11 PM-4 AM),Saturday,March,2025,Blunt Object,4,Yes,Chargesheet Filed,Case registered under relevant sections of BNS; probe underway.,Fully Synthetic (for ML training / MVP use only - not real incidents)
NGP-SYN-0176,Yashodhara Nagar,Zone V,Yashodhara Nagar,NDPS (Narcotics),Medium,Female,36-45,Afternoon (11 AM-3 PM),Sunday,July,2023,Blunt Object,2,Yes,Chargesheet Filed,Neighbourhood watch flagged the incident; forwarded to local police station.,Fully Synthetic (for ML training / MVP use only - not real incidents)
NGP-SYN-0177,Besa,Zone V,Besa,Rioting,High,Female,18-25,Late Night (11 PM-4 AM),Saturday,August,2024,Vehicle,1,Yes,Case Closed - Convicted,Incident logged in police records; no fatalities reported.,Fully Synthetic (for ML training / MVP use only - not real incidents)
NGP-SYN-0178,Jaripatka,Zone V,Jaripatka,House Break-in,Medium,Female,36-45,Early Morning (4-7 AM),Wednesday,September,2024,None,2,Yes,Chargesheet Filed,Victim taken to nearby hospital for treatment.,Fully Synthetic (for ML training / MVP use only - not real incidents)
NGP-SYN-0179,Sonegaon,Zone I,Sonegaon,Robbery,High,Female,36-45,Late Night (11 PM-4 AM),Monday,July,2024,Knife/Sharp Weapon,2,Yes,Case Pending,Case reported to local police station; investigation ongoing.,Fully Synthetic (for ML training / MVP use only - not real incidents)
NGP-SYN-0180,Khapri,Zone V,Khapri,Cyber Fraud,Medium,Not Specified,26-35,Night (7-11 PM),Saturday,October,2024,None,1,Yes,Chargesheet Filed,Reported during routine beat patrolling; preventive action initiated in the locality.,Fully Synthetic (for ML training / MVP use only - not real incidents)
NGP-SYN-0181,Sadar,Zone II,Sadar,Theft,Low,Female,26-35,Evening (3-7 PM),Thursday,August,2026,None,Unknown,No,Under Trial,Incident logged in police records; no fatalities reported.,Fully Synthetic (for ML training / MVP use only - not real incidents)
NGP-SYN-0182,Pachpaoli,Zone VI (Gandhibagh),Pachpaoli,Robbery,High,Male,26-35,Evening (3-7 PM),Saturday,February,2025,Firearm,4,Yes,Under Trial,Local police confirmed the incident; identity of accused not officially disclosed.,Fully Synthetic (for ML training / MVP use only - not real incidents)
NGP-SYN-0183,Wardhaman Nagar,Zone IV,Wardhaman Nagar,Cybercrime (OTP/Loan App Fraud),Medium,Male,46-60,Night (7-11 PM),Monday,March,2023,Blunt Object,1,Yes,Case Closed - Convicted,CCTV footage under review as part of investigation.,Fully Synthetic (for ML training / MVP use only - not real incidents)
NGP-SYN-0184,Mahal,Zone VI (Gandhibagh),Mahal,Fraud,Medium,Female,Under 18,Early Morning (4-7 AM),Friday,February,2024,None/Physical Force,1,Yes,Absconding Accused,Case reported to local police station; investigation ongoing.,Fully Synthetic (for ML training / MVP use only - not real incidents)
NGP-SYN-0185,Khapri,Zone V,Khapri,Cyber Fraud,Medium,Not Specified,18-25,Night (7-11 PM),Friday,March,2023,Blunt Object,1,Yes,Chargesheet Filed,Victim taken to nearby hospital for treatment.,Fully Synthetic (for ML training / MVP use only - not real incidents)
NGP-SYN-0186,Kapil Nagar,Zone V,Kapil Nagar,Theft,Low,Female,46-60,Night (7-11 PM),Wednesday,October,2025,None,1,No,Case Closed - Acquitted,Incident reported by area residents; police patrol increased subsequently.,Fully Synthetic (for ML training / MVP use only - not real incidents)
NGP-SYN-0187,Gandhibagh,Zone III,Gandhibagh,Chain Snatching,Medium,Male,18-25,Early Morning (4-7 AM),Friday,July,2024,None,1,No,FIR Registered - Under Investigation,Victim taken to nearby hospital for treatment.,Fully Synthetic (for ML training / MVP use only - not real incidents)
NGP-SYN-0188,Civil Lines,Zone II,Civil Lines,Assault,Medium,Male,26-35,Morning (7-11 AM),Wednesday,August,2026,Blunt Object,Unknown,Yes,Chargesheet Filed,Complaint filed at nearest police chowki; case under review.,Fully Synthetic (for ML training / MVP use only - not real incidents)
NGP-SYN-0189,Pratap Nagar,Zone I,Pratap Nagar,Cyber Fraud,Medium,Female,26-35,Night (7-11 PM),Monday,August,2026,None,1,No,Chargesheet Filed,Victim taken to nearby hospital for treatment.,Fully Synthetic (for ML training / MVP use only - not real incidents)
NGP-SYN-0190,Hudkeshwar,Zone IV,Hudkeshwar,Chain Snatching,Medium,Female,18-25,Late Night (11 PM-4 AM),Wednesday,July,2025,Knife/Sharp Weapon,Unknown,Yes,FIR Registered - Under Investigation,Complaint filed at nearest police chowki; case under review.,Fully Synthetic (for ML training / MVP use only - not real incidents)
NGP-SYN-0191,Itwari,Zone III,Itwari,Motor Vehicle Theft,Medium,Female,18-25,Afternoon (11 AM-3 PM),Wednesday,January,2024,Blunt Object,3,Yes,Chargesheet Filed,Victim taken to nearby hospital for treatment.,Fully Synthetic (for ML training / MVP use only - not real incidents)
NGP-SYN-0192,Bajeria,Zone III,Bajeria,Theft,Low,Not Specified,46-60,Evening (3-7 PM),Thursday,December,2024,None,2,Yes,FIR Registered - Under Investigation,Complaint filed at nearest police chowki; case under review.,Fully Synthetic (for ML training / MVP use only - not real incidents)
NGP-SYN-0193,Friends Colony,Zone IV,Friends Colony,Burglary,Medium,Male,26-35,Afternoon (11 AM-3 PM),Thursday,October,2026,Blunt Object,2,No,Case Pending,Details limited in public record; case status as per station register.,Fully Synthetic (for ML training / MVP use only - not real incidents)
NGP-SYN-0194,Pipla,Zone V,Pipla,Motor Vehicle Theft,Medium,Male,18-25,Late Night (11 PM-4 AM),Monday,July,2024,None/Physical Force,1,No,Case Closed - Convicted,CCTV footage under review as part of investigation.,Fully Synthetic (for ML training / MVP use only - not real incidents)
NGP-SYN-0195,Pachpaoli,Zone VI (Gandhibagh),Pachpaoli,Theft,Low,Male,18-25,Late Night (11 PM-4 AM),Wednesday,September,2023,None,1,Yes,Case Closed - Acquitted,Victim taken to nearby hospital for treatment.,Fully Synthetic (for ML training / MVP use only - not real incidents)
NGP-SYN-0196,Gandhibagh,Zone III,Gandhibagh,Theft,Low,Male,46-60,Afternoon (11 AM-3 PM),Sunday,August,2024,None,4,No,FIR Registered - Under Investigation,CCTV footage under review as part of investigation.,Fully Synthetic (for ML training / MVP use only - not real incidents)
NGP-SYN-0197,Bajeria,Zone III,Bajeria,Theft,Low,Male,46-60,Evening (3-7 PM),Saturday,December,2023,None,4,Yes,Absconding Accused,Incident logged in police records; no fatalities reported.,Fully Synthetic (for ML training / MVP use only - not real incidents)
NGP-SYN-0198,Pachpaoli,Zone VI (Gandhibagh),Pachpaoli,House Break-in,Medium,Male,18-25,Afternoon (11 AM-3 PM),Friday,January,2023,Blunt Object,3,Yes,Under Trial,Incident reported by area residents; police patrol increased subsequently.,Fully Synthetic (for ML training / MVP use only - not real incidents)
NGP-SYN-0199,Mahal,Zone VI (Gandhibagh),Mahal,Chain Snatching,Medium,Male,36-45,Evening (3-7 PM),Saturday,August,2024,Blunt Object,1,Yes,Case Closed - Convicted,Neighbourhood watch flagged the incident; forwarded to local police station.,Fully Synthetic (for ML training / MVP use only - not real incidents)
NGP-SYN-0200,Sitabuldi,Zone III,Sitabuldi,Grievous Hurt,High,Male,36-45,Late Night (11 PM-4 AM),Friday,October,2026,Blunt Object,1,Yes,Absconding Accused,Accused fled the scene; manhunt launched by local police.,Fully Synthetic (for ML training / MVP use only - not real incidents)
NGP-SYN-0201,Gandhinagar,Other,Gandhinagar,Theft,Low,Male,26-35,Late Night (11 PM-4 AM),Friday,December,2025,None,2,Yes,Chargesheet Filed,Case linked to a series of similar incidents in the area.,Fully Synthetic (for ML training / MVP use only - not real incidents)
NGP-SYN-0202,Manish Nagar,Zone IV,Manish Nagar,House Break-in,Medium,Female,36-45,Night (7-11 PM),Thursday,April,2025,None,Unknown,Yes,Case Closed - Convicted,CCTV footage under review as part of investigation.,Fully Synthetic (for ML training / MVP use only - not real incidents)
NGP-SYN-0203,Byramji Town,Other,Byramji Town,Theft,Low,Male,46-60,Late Night (11 PM-4 AM),Tuesday,November,2023,None,Unknown,Yes,FIR Registered - Under Investigation,Neighbourhood watch flagged the incident; forwarded to local police station.,Fully Synthetic (for ML training / MVP use only - not real incidents)
NGP-SYN-0204,Gaddi Godam,Zone III,Gaddi Godam,Chain Snatching,Medium,Female,18-25,Afternoon (11 AM-3 PM),Tuesday,August,2025,Blunt Object,2,Yes,Under Trial,Accused fled the scene; manhunt launched by local police.,Fully Synthetic (for ML training / MVP use only - not real incidents)
NGP-SYN-0205,Tehsil,Zone VI (Gandhibagh),Tehsil,Cyber Fraud,Medium,Male,36-45,Morning (7-11 AM),Thursday,September,2026,Blunt Object,2,No,Chargesheet Filed,Victim taken to nearby hospital for treatment.,Fully Synthetic (for ML training / MVP use only - not real incidents)
NGP-SYN-0206,Nandanvan,Zone IV,Nandanvan,Chain Snatching,Medium,Female,18-25,Late Night (11 PM-4 AM),Monday,January,2025,Knife/Sharp Weapon,1,Yes,FIR Registered - Under Investigation,Local police confirmed the incident; identity of accused not officially disclosed.,Fully Synthetic (for ML training / MVP use only - not real incidents)
NGP-SYN-0207,Hingna,Zone I,Hingna,Burglary,Medium,Female,26-35,Evening (3-7 PM),Thursday,January,2023,Knife/Sharp Weapon,3,Yes,FIR Registered - Under Investigation,Victim taken to nearby hospital for treatment.,Fully Synthetic (for ML training / MVP use only - not real incidents)
NGP-SYN-0208,Imambada,Zone VI (Gandhibagh),Imambada,Burglary,Medium,Male,60+,Night (7-11 PM),Wednesday,January,2025,None,2,Yes,FIR Registered - Under Investigation,FIR lodged based on victim complaint; no further public details available.,Fully Synthetic (for ML training / MVP use only - not real incidents)
NGP-SYN-0209,Imambada,Zone VI (Gandhibagh),Imambada,Fatal Road Accident (Rash Driving),High,Male,36-45,Morning (7-11 AM),Wednesday,May,2026,Firearm,2,No,Under Trial,Incident reported by area residents; police patrol increased subsequently.,Fully Synthetic (for ML training / MVP use only - not real incidents)
NGP-SYN-0210,Lakadganj,Zone VI (Gandhibagh),Lakadganj,Murder,High,Male,46-60,Late Night (11 PM-4 AM),Wednesday,June,2023,Vehicle,2,Yes,Chargesheet Filed,Case registered under relevant sections of BNS; probe underway.,Fully Synthetic (for ML training / MVP use only - not real incidents)
NGP-SYN-0211,Mankapur,Other,Mankapur,House Break-in,Medium,Male,18-25,Early Morning (4-7 AM),Thursday,August,2026,None,Unknown,No,Absconding Accused,Incident logged in police records; no fatalities reported.,Fully Synthetic (for ML training / MVP use only - not real incidents)
NGP-SYN-0212,Pachpaoli,Zone VI (Gandhibagh),Pachpaoli,Robbery,High,Male,18-25,Night (7-11 PM),Sunday,January,2024,None/Physical Force,1,Yes,Case Closed - Acquitted,Incident logged in police records; no fatalities reported.,Fully Synthetic (for ML training / MVP use only - not real incidents)
NGP-SYN-0213,Kalyan Nagar,Zone I,Kalyan Nagar,House Break-in,Medium,Female,Under 18,Morning (7-11 AM),Monday,June,2024,None/Physical Force,Unknown,Yes,Case Closed - Convicted,Incident logged in police records; no fatalities reported.,Fully Synthetic (for ML training / MVP use only - not real incidents)
NGP-SYN-0214,Lakadganj,Zone VI (Gandhibagh),Lakadganj,Chain Snatching,Medium,Female,26-35,Afternoon (11 AM-3 PM),Wednesday,September,2025,Knife/Sharp Weapon,Unknown,Yes,Case Closed - Convicted,Neighbourhood watch flagged the incident; forwarded to local police station.,Fully Synthetic (for ML training / MVP use only - not real incidents)
NGP-SYN-0215,Chaoni,Other,Chaoni,Illegal Weapons Possession,Medium,Male,36-45,Late Night (11 PM-4 AM),Wednesday,November,2024,None/Physical Force,Unknown,Yes,Under Trial,Details limited in public record; case status as per station register.,Fully Synthetic (for ML training / MVP use only - not real incidents)
NGP-SYN-0216,Lakadganj,Zone VI (Gandhibagh),Lakadganj,Cyber Fraud,Medium,Male,26-35,Late Night (11 PM-4 AM),Thursday,December,2024,None/Physical Force,2,Yes,Under Trial,Accused fled the scene; manhunt launched by local police.,Fully Synthetic (for ML training / MVP use only - not real incidents)
NGP-SYN-0217,Jaripatka,Zone V,Jaripatka,House Break-in,Medium,Female,26-35,Night (7-11 PM),Friday,April,2024,None,4,Yes,FIR Registered - Under Investigation,Accused fled the scene; manhunt launched by local police.,Fully Synthetic (for ML training / MVP use only - not real incidents)
NGP-SYN-0218,Pratap Nagar,Zone I,Pratap Nagar,Burglary,Medium,Not Specified,36-45,Night (7-11 PM),Saturday,October,2024,Blunt Object,Unknown,No,Case Closed - Convicted,FIR lodged based on victim complaint; no further public details available.,Fully Synthetic (for ML training / MVP use only - not real incidents)
NGP-SYN-0219,Bhandewadi,Other,Bhandewadi,Fraud,Medium,Male,18-25,Late Night (11 PM-4 AM),Monday,September,2026,None/Physical Force,1,No,Case Closed - Acquitted,Incident logged in police records; no fatalities reported.,Fully Synthetic (for ML training / MVP use only - not real incidents)
NGP-SYN-0220,Shraddhanand Peth,Zone II,Shraddhanand Peth,Chain Snatching,Medium,Male,18-25,Late Night (11 PM-4 AM),Monday,January,2023,None/Physical Force,1,Yes,Chargesheet Filed,Accused fled the scene; manhunt launched by local police.,Fully Synthetic (for ML training / MVP use only - not real incidents)
NGP-SYN-0221,Lakadganj,Zone VI (Gandhibagh),Lakadganj,Burglary,Medium,Female,Under 18,Late Night (11 PM-4 AM),Tuesday,June,2026,Blunt Object,1,No,Case Closed - Convicted,Reported during routine beat patrolling; preventive action initiated in the locality.,Fully Synthetic (for ML training / MVP use only - not real incidents)
NGP-SYN-0222,Mahal,Zone VI (Gandhibagh),Mahal,Eve Teasing / Harassment,Low,Female,26-35,Morning (7-11 AM),Wednesday,October,2023,None,1,Yes,Under Trial,FIR lodged based on victim complaint; no further public details available.,Fully Synthetic (for ML training / MVP use only - not real incidents)
NGP-SYN-0223,Pratap Nagar,Zone I,Pratap Nagar,Robbery,High,Male,36-45,Evening (3-7 PM),Sunday,February,2025,Firearm,1,Yes,Under Trial,Case reported to local police station; investigation ongoing.,Fully Synthetic (for ML training / MVP use only - not real incidents)
NGP-SYN-0224,Shraddhanand Peth,Zone II,Shraddhanand Peth,Burglary,Medium,Male,36-45,Late Night (11 PM-4 AM),Sunday,December,2024,Blunt Object,1,Yes,Case Closed - Convicted,Victim taken to nearby hospital for treatment.,Fully Synthetic (for ML training / MVP use only - not real incidents)
NGP-SYN-0225,Dharampeth,Zone II,Dharampeth,Theft,Low,Not Specified,Under 18,Evening (3-7 PM),Saturday,November,2025,None,2,Yes,FIR Registered - Under Investigation,Details limited in public record; case status as per station register.,Fully Synthetic (for ML training / MVP use only - not real incidents)
NGP-SYN-0226,Suyog Nagar,Other,Suyog Nagar,Chain Snatching,Medium,Female,60+,Afternoon (11 AM-3 PM),Tuesday,May,2025,None/Physical Force,1,Yes,Chargesheet Filed,Details limited in public record; case status as per station register.,Fully Synthetic (for ML training / MVP use only - not real incidents)
NGP-SYN-0227,Ganeshpeth,Zone VI (Gandhibagh),Ganeshpeth,NDPS (Narcotics),Medium,Female,26-35,Night (7-11 PM),Wednesday,August,2024,Knife/Sharp Weapon,2,Yes,Chargesheet Filed,Case registered under relevant sections of BNS; probe underway.,Fully Synthetic (for ML training / MVP use only - not real incidents)
NGP-SYN-0228,Hingna,Zone I,Hingna,Cybercrime (OTP/Loan App Fraud),Medium,Male,18-25,Afternoon (11 AM-3 PM),Tuesday,October,2025,Knife/Sharp Weapon,2,Yes,Chargesheet Filed,Accused fled the scene; manhunt launched by local police.,Fully Synthetic (for ML training / MVP use only - not real incidents)
NGP-SYN-0229,Byramji Town,Other,Byramji Town,Gambling,Low,Female,36-45,Night (7-11 PM),Sunday,April,2026,None,2,No,Under Trial,Victim taken to nearby hospital for treatment.,Fully Synthetic (for ML training / MVP use only - not real incidents)
NGP-SYN-0230,Gandhinagar,Other,Gandhinagar,Burglary,Medium,Female,36-45,Night (7-11 PM),Monday,June,2025,Knife/Sharp Weapon,1,Yes,Under Trial,Accused fled the scene; manhunt launched by local police.,Fully Synthetic (for ML training / MVP use only - not real incidents)
NGP-SYN-0231,Friends Colony,Zone IV,Friends Colony,Cybercrime (OTP/Loan App Fraud),Medium,Female,46-60,Late Night (11 PM-4 AM),Thursday,November,2024,Knife/Sharp Weapon,2,Yes,FIR Registered - Under Investigation,Complaint filed at nearest police chowki; case under review.,Fully Synthetic (for ML training / MVP use only - not real incidents)
NGP-SYN-0232,Shraddhanand Peth,Zone II,Shraddhanand Peth,Burglary,Medium,Male,36-45,Morning (7-11 AM),Monday,June,2025,Knife/Sharp Weapon,1,Yes,Under Trial,Case registered under relevant sections of BNS; probe underway.,Fully Synthetic (for ML training / MVP use only - not real incidents)
NGP-SYN-0233,Godhni,Zone V,Godhni,Chain Snatching,Medium,Male,36-45,Evening (3-7 PM),Wednesday,August,2026,None,1,Yes,Under Trial,Incident reported by area residents; police patrol increased subsequently.,Fully Synthetic (for ML training / MVP use only - not real incidents)
NGP-SYN-0234,Ravi Nagar,Zone II,Ravi Nagar,Theft,Low,Male,Under 18,Afternoon (11 AM-3 PM),Wednesday,October,2024,None,1,Yes,Chargesheet Filed,Case linked to a series of similar incidents in the area.,Fully Synthetic (for ML training / MVP use only - not real incidents)
NGP-SYN-0235,Hingna,Zone I,Hingna,Mobile Phone Snatching,Low,Not Specified,Under 18,Early Morning (4-7 AM),Friday,May,2023,None,2,No,Under Trial,CCTV footage under review as part of investigation.,Fully Synthetic (for ML training / MVP use only - not real incidents)
NGP-SYN-0236,Ramdaspeth,Zone II,Ramdaspeth,Fatal Road Accident (Rash Driving),High,Female,Under 18,Late Night (11 PM-4 AM),Tuesday,June,2025,None/Physical Force,3,No,Chargesheet Filed,Case reported to local police station; investigation ongoing.,Fully Synthetic (for ML training / MVP use only - not real incidents)
NGP-SYN-0237,Godhni,Zone V,Godhni,Theft,Low,Female,26-35,Late Night (11 PM-4 AM),Friday,June,2023,None,1,No,Under Trial,CCTV footage under review as part of investigation.,Fully Synthetic (for ML training / MVP use only - not real incidents)
NGP-SYN-0238,Tehsil,Zone VI (Gandhibagh),Tehsil,Assault,Medium,Male,18-25,Morning (7-11 AM),Sunday,June,2026,Blunt Object,2,Yes,Case Closed - Convicted,Reported during routine beat patrolling; preventive action initiated in the locality.,Fully Synthetic (for ML training / MVP use only - not real incidents)
NGP-SYN-0239,Besa,Zone V,Besa,Robbery,High,Not Specified,18-25,Night (7-11 PM),Sunday,January,2025,Vehicle,3,Yes,FIR Registered - Under Investigation,CCTV footage under review as part of investigation.,Fully Synthetic (for ML training / MVP use only - not real incidents)
NGP-SYN-0240,Friends Colony,Zone IV,Friends Colony,Cybercrime (OTP/Loan App Fraud),Medium,Male,26-35,Evening (3-7 PM),Monday,August,2023,Knife/Sharp Weapon,Unknown,No,FIR Registered - Under Investigation,CCTV footage under review as part of investigation.,Fully Synthetic (for ML training / MVP use only - not real incidents)
NGP-SYN-0241,Sakkardara,Zone VI (Gandhibagh),Sakkardara,Chain Snatching,Medium,Female,Under 18,Late Night (11 PM-4 AM),Friday,September,2023,None/Physical Force,1,Yes,Case Closed - Acquitted,Case registered under relevant sections of BNS; probe underway.,Fully Synthetic (for ML training / MVP use only - not real incidents)
NGP-SYN-0242,Bajeria,Zone III,Bajeria,Fatal Road Accident (Rash Driving),High,Male,46-60,Late Night (11 PM-4 AM),Tuesday,December,2024,Knife/Sharp Weapon,2,No,Case Closed - Convicted,Incident logged in police records; no fatalities reported.,Fully Synthetic (for ML training / MVP use only - not real incidents)
NGP-SYN-0243,Gaddi Godam,Zone III,Gaddi Godam,Assault,Medium,Female,36-45,Afternoon (11 AM-3 PM),Sunday,February,2025,None/Physical Force,2,No,FIR Registered - Under Investigation,CCTV footage under review as part of investigation.,Fully Synthetic (for ML training / MVP use only - not real incidents)
NGP-SYN-0244,Shraddhanand Peth,Zone II,Shraddhanand Peth,House Break-in,Medium,Female,46-60,Evening (3-7 PM),Thursday,December,2023,Blunt Object,1,Yes,FIR Registered - Under Investigation,Case registered under relevant sections of BNS; probe underway.,Fully Synthetic (for ML training / MVP use only - not real incidents)
NGP-SYN-0245,Imambada,Zone VI (Gandhibagh),Imambada,Eve Teasing / Harassment,Low,Female,26-35,Late Night (11 PM-4 AM),Sunday,May,2026,None,1,No,Chargesheet Filed,Incident reported by area residents; police patrol increased subsequently.,Fully Synthetic (for ML training / MVP use only - not real incidents)
NGP-SYN-0246,Nandanvan,Zone IV,Nandanvan,Burglary,Medium,Male,36-45,Morning (7-11 AM),Sunday,April,2023,None,3,Yes,FIR Registered - Under Investigation,Accused fled the scene; manhunt launched by local police.,Fully Synthetic (for ML training / MVP use only - not real incidents)
NGP-SYN-0247,Dharampeth,Zone II,Dharampeth,Human Trafficking,High,Female,18-25,Late Night (11 PM-4 AM),Tuesday,January,2023,Firearm,3,Yes,Under Trial,Local police confirmed the incident; identity of accused not officially disclosed.,Fully Synthetic (for ML training / MVP use only - not real incidents)
NGP-SYN-0248,Dharampeth,Zone II,Dharampeth,Theft,Low,Female,26-35,Morning (7-11 AM),Friday,January,2026,None,2,Yes,Absconding Accused,Case registered under relevant sections of BNS; probe underway.,Fully Synthetic (for ML training / MVP use only - not real incidents)
NGP-SYN-0249,Shraddhanand Peth,Zone II,Shraddhanand Peth,Theft,Low,Not Specified,26-35,Afternoon (11 AM-3 PM),Monday,June,2023,None,2,Yes,Under Trial,FIR lodged based on victim complaint; no further public details available.,Fully Synthetic (for ML training / MVP use only - not real incidents)
NGP-SYN-0250,Ajni,Zone IV,Ajni,Theft,Low,Male,26-35,Afternoon (11 AM-3 PM),Wednesday,February,2026,None,Unknown,No,Case Closed - Convicted,Case registered under relevant sections of BNS; probe underway.,Fully Synthetic (for ML training / MVP use only - not real incidents)
NGP-SYN-0251,Bajaj Nagar,Zone I,Bajaj Nagar,Mobile Phone Snatching,Low,Male,18-25,Early Morning (4-7 AM),Wednesday,September,2023,None,2,Yes,FIR Registered - Under Investigation,Local police confirmed the incident; identity of accused not officially disclosed.,Fully Synthetic (for ML training / MVP use only - not real incidents)
NGP-SYN-0252,Khapri,Zone V,Khapri,Assault,Medium,Not Specified,26-35,Evening (3-7 PM),Thursday,July,2024,Knife/Sharp Weapon,1,Yes,Chargesheet Filed,Incident reported by area residents; police patrol increased subsequently.,Fully Synthetic (for ML training / MVP use only - not real incidents)
NGP-SYN-0253,Ravi Nagar,Zone II,Ravi Nagar,Motor Vehicle Theft,Medium,Male,26-35,Afternoon (11 AM-3 PM),Sunday,April,2025,Knife/Sharp Weapon,1,Yes,Under Trial,Case registered under relevant sections of BNS; probe underway.,Fully Synthetic (for ML training / MVP use only - not real incidents)
NGP-SYN-0254,Wadi,Zone I,Wadi,Assault,Medium,Female,18-25,Night (7-11 PM),Monday,October,2024,None,4,No,Case Closed - Convicted,Incident logged in police records; no fatalities reported.,Fully Synthetic (for ML training / MVP use only - not real incidents)
NGP-SYN-0255,Jaripatka,Zone V,Jaripatka,Cyber Fraud,Medium,Male,46-60,Late Night (11 PM-4 AM),Wednesday,September,2023,None,4,Yes,Chargesheet Filed,Details limited in public record; case status as per station register.,Fully Synthetic (for ML training / MVP use only - not real incidents)
NGP-SYN-0256,Seminary Hills,Other,Seminary Hills,Theft,Low,Not Specified,18-25,Late Night (11 PM-4 AM),Thursday,October,2024,None,1,Yes,Under Trial,Details limited in public record; case status as per station register.,Fully Synthetic (for ML training / MVP use only - not real incidents)
NGP-SYN-0257,Godhni,Zone V,Godhni,Fatal Road Accident (Rash Driving),High,Not Specified,18-25,Afternoon (11 AM-3 PM),Thursday,November,2023,Blunt Object,4,Yes,FIR Registered - Under Investigation,Incident reported by area residents; police patrol increased subsequently.,Fully Synthetic (for ML training / MVP use only - not real incidents)
NGP-SYN-0258,Khaparkheda,Other,Khaparkheda,Murder,High,Female,46-60,Evening (3-7 PM),Thursday,May,2023,None/Physical Force,2,Yes,FIR Registered - Under Investigation,FIR lodged based on victim complaint; no further public details available.,Fully Synthetic (for ML training / MVP use only - not real incidents)
NGP-SYN-0259,Gitti Khadan,Zone III,Gitti Khadan,Fraud,Medium,Male,18-25,Afternoon (11 AM-3 PM),Saturday,August,2024,None,2,Yes,Under Trial,Victim taken to nearby hospital for treatment.,Fully Synthetic (for ML training / MVP use only - not real incidents)
NGP-SYN-0260,Ramdaspeth,Zone II,Ramdaspeth,Theft,Low,Female,18-25,Night (7-11 PM),Monday,May,2026,None,2,Yes,Case Closed - Convicted,Neighbourhood watch flagged the incident; forwarded to local police station.,Fully Synthetic (for ML training / MVP use only - not real incidents)
NGP-SYN-0261,Ramdaspeth,Zone II,Ramdaspeth,Theft,Low,Not Specified,18-25,Afternoon (11 AM-3 PM),Saturday,September,2024,None,1,No,FIR Registered - Under Investigation,Incident logged in police records; no fatalities reported.,Fully Synthetic (for ML training / MVP use only - not real incidents)
NGP-SYN-0262,Indora,Other,Indora,Motor Vehicle Theft,Medium,Not Specified,46-60,Late Night (11 PM-4 AM),Thursday,May,2023,None,3,Yes,Chargesheet Filed,Complaint filed at nearest police chowki; case under review.,Fully Synthetic (for ML training / MVP use only - not real incidents)
NGP-SYN-0263,Nandanvan,Zone IV,Nandanvan,House Break-in,Medium,Not Specified,36-45,Morning (7-11 AM),Monday,February,2024,Knife/Sharp Weapon,1,Yes,FIR Registered - Under Investigation,Victim taken to nearby hospital for treatment.,Fully Synthetic (for ML training / MVP use only - not real incidents)
NGP-SYN-0264,Mahal,Zone VI (Gandhibagh),Mahal,Motor Vehicle Theft,Medium,Male,26-35,Night (7-11 PM),Tuesday,August,2024,None,2,Yes,Under Trial,FIR lodged based on victim complaint; no further public details available.,Fully Synthetic (for ML training / MVP use only - not real incidents)
NGP-SYN-0265,Kalmeshwar,Other,Kalmeshwar,Cyber Fraud,Medium,Male,26-35,Late Night (11 PM-4 AM),Sunday,June,2024,None/Physical Force,1,No,Absconding Accused,Complaint filed at nearest police chowki; case under review.,Fully Synthetic (for ML training / MVP use only - not real incidents)
NGP-SYN-0266,Wadi,Zone I,Wadi,Mobile Phone Snatching,Low,Male,46-60,Evening (3-7 PM),Tuesday,November,2023,None,4,Yes,Case Closed - Convicted,Accused fled the scene; manhunt launched by local police.,Fully Synthetic (for ML training / MVP use only - not real incidents)
NGP-SYN-0267,Kotwali,Zone VI (Gandhibagh),Kotwali,Fraud,Medium,Not Specified,26-35,Morning (7-11 AM),Tuesday,June,2023,None/Physical Force,1,No,Under Trial,Neighbourhood watch flagged the incident; forwarded to local police station.,Fully Synthetic (for ML training / MVP use only - not real incidents)
NGP-SYN-0268,Khapri,Zone V,Khapri,Fraud,Medium,Male,18-25,Evening (3-7 PM),Saturday,July,2025,Knife/Sharp Weapon,1,Yes,Case Closed - Convicted,Case reported to local police station; investigation ongoing.,Fully Synthetic (for ML training / MVP use only - not real incidents)
NGP-SYN-0269,Nandanvan,Zone IV,Nandanvan,House Break-in,Medium,Not Specified,18-25,Afternoon (11 AM-3 PM),Saturday,August,2025,None/Physical Force,1,No,FIR Registered - Under Investigation,Incident logged in police records; no fatalities reported.,Fully Synthetic (for ML training / MVP use only - not real incidents)
NGP-SYN-0270,Itwari,Zone III,Itwari,Fatal Road Accident (Rash Driving),High,Female,26-35,Late Night (11 PM-4 AM),Thursday,February,2023,Firearm,1,No,Under Trial,Details limited in public record; case status as per station register.,Fully Synthetic (for ML training / MVP use only - not real incidents)
NGP-SYN-0271,Beltarodi,Zone IV,Beltarodi,Mobile Phone Snatching,Low,Male,46-60,Night (7-11 PM),Tuesday,April,2025,None,4,Yes,Chargesheet Filed,Case reported to local police station; investigation ongoing.,Fully Synthetic (for ML training / MVP use only - not real incidents)
NGP-SYN-0272,Giripeth,Zone II,Giripeth,Theft,Low,Male,26-35,Late Night (11 PM-4 AM),Thursday,March,2025,None,2,Yes,Absconding Accused,Case registered under relevant sections of BNS; probe underway.,Fully Synthetic (for ML training / MVP use only - not real incidents)
NGP-SYN-0273,Shraddhanand Peth,Zone II,Shraddhanand Peth,Burglary,Medium,Male,46-60,Morning (7-11 AM),Sunday,April,2025,Blunt Object,1,No,Case Closed - Convicted,FIR lodged based on victim complaint; no further public details available.,Fully Synthetic (for ML training / MVP use only - not real incidents)
NGP-SYN-0274,Gitti Khadan,Zone III,Gitti Khadan,Assault,Medium,Female,Under 18,Morning (7-11 AM),Sunday,May,2026,Blunt Object,3,No,FIR Registered - Under Investigation,Case registered under relevant sections of BNS; probe underway.,Fully Synthetic (for ML training / MVP use only - not real incidents)
NGP-SYN-0275,Lakadganj,Zone VI (Gandhibagh),Lakadganj,Molestation,High,Female,18-25,Late Night (11 PM-4 AM),Thursday,April,2026,Knife/Sharp Weapon,1,Yes,FIR Registered - Under Investigation,Case reported to local police station; investigation ongoing.,Fully Synthetic (for ML training / MVP use only - not real incidents)
NGP-SYN-0276,Pachpaoli,Zone VI (Gandhibagh),Pachpaoli,Burglary,Medium,Male,36-45,Evening (3-7 PM),Sunday,January,2024,None,Unknown,Yes,Chargesheet Filed,Reported during routine beat patrolling; preventive action initiated in the locality.,Fully Synthetic (for ML training / MVP use only - not real incidents)
NGP-SYN-0277,Yashodhara Nagar,Zone V,Yashodhara Nagar,Cybercrime (OTP/Loan App Fraud),Medium,Male,Under 18,Evening (3-7 PM),Thursday,April,2026,None,2,No,Absconding Accused,Local police confirmed the incident; identity of accused not officially disclosed.,Fully Synthetic (for ML training / MVP use only - not real incidents)
NGP-SYN-0278,Pratap Nagar,Zone I,Pratap Nagar,Fraud,Medium,Male,36-45,Evening (3-7 PM),Friday,October,2024,Blunt Object,1,No,Case Closed - Convicted,FIR lodged based on victim complaint; no further public details available.,Fully Synthetic (for ML training / MVP use only - not real incidents)
NGP-SYN-0279,Imambada,Zone VI (Gandhibagh),Imambada,Fatal Road Accident (Rash Driving),High,Male,26-35,Morning (7-11 AM),Monday,March,2025,None/Physical Force,3,No,FIR Registered - Under Investigation,Victim taken to nearby hospital for treatment.,Fully Synthetic (for ML training / MVP use only - not real incidents)
NGP-SYN-0280,Ajni,Zone IV,Ajni,Domestic Violence / Cruelty by Relatives,Medium,Not Specified,18-25,Morning (7-11 AM),Friday,September,2023,None,2,Yes,Chargesheet Filed,FIR lodged based on victim complaint; no further public details available.,Fully Synthetic (for ML training / MVP use only - not real incidents)
NGP-SYN-0281,Rajendra Nagar,Other,Rajendra Nagar,Motor Vehicle Theft,Medium,Male,36-45,Evening (3-7 PM),Wednesday,February,2025,Blunt Object,4,No,Chargesheet Filed,Case reported to local police station; investigation ongoing.,Fully Synthetic (for ML training / MVP use only - not real incidents)
NGP-SYN-0282,Ramdaspeth,Zone II,Ramdaspeth,Cyber Fraud,Medium,Male,18-25,Morning (7-11 AM),Wednesday,February,2025,Blunt Object,2,Yes,Chargesheet Filed,Incident logged in police records; no fatalities reported.,Fully Synthetic (for ML training / MVP use only - not real incidents)
NGP-SYN-0283,Mangalwari,Zone III,Mangalwari,Theft,Low,Male,26-35,Afternoon (11 AM-3 PM),Friday,September,2025,None,1,No,Absconding Accused,Case registered under relevant sections of BNS; probe underway.,Fully Synthetic (for ML training / MVP use only - not real incidents)
NGP-SYN-0284,Nandanvan,Zone IV,Nandanvan,Fatal Road Accident (Rash Driving),High,Not Specified,36-45,Afternoon (11 AM-3 PM),Monday,May,2023,Firearm,2,Yes,Under Trial,Complaint filed at nearest police chowki; case under review.,Fully Synthetic (for ML training / MVP use only - not real incidents)
NGP-SYN-0285,MIDC,Zone I,MIDC,Burglary,Medium,Not Specified,18-25,Afternoon (11 AM-3 PM),Monday,June,2023,None/Physical Force,3,Yes,Under Trial,Case reported to local police station; investigation ongoing.,Fully Synthetic (for ML training / MVP use only - not real incidents)
NGP-SYN-0286,Mangalwari,Zone III,Mangalwari,Chain Snatching,Medium,Female,26-35,Late Night (11 PM-4 AM),Sunday,July,2026,Blunt Object,3,Yes,FIR Registered - Under Investigation,Complaint filed at nearest police chowki; case under review.,Fully Synthetic (for ML training / MVP use only - not real incidents)
NGP-SYN-0287,Besa,Zone V,Besa,Chain Snatching,Medium,Female,36-45,Late Night (11 PM-4 AM),Saturday,June,2024,Blunt Object,3,No,FIR Registered - Under Investigation,FIR lodged based on victim complaint; no further public details available.,Fully Synthetic (for ML training / MVP use only - not real incidents)
NGP-SYN-0288,Friends Colony,Zone IV,Friends Colony,Cyber Fraud,Medium,Female,36-45,Late Night (11 PM-4 AM),Sunday,June,2025,None/Physical Force,3,Yes,FIR Registered - Under Investigation,Complaint filed at nearest police chowki; case under review.,Fully Synthetic (for ML training / MVP use only - not real incidents)
NGP-SYN-0289,Giripeth,Zone II,Giripeth,House Break-in,Medium,Female,36-45,Night (7-11 PM),Monday,May,2025,Blunt Object,3,Yes,FIR Registered - Under Investigation,Accused fled the scene; manhunt launched by local police.,Fully Synthetic (for ML training / MVP use only - not real incidents)
NGP-SYN-0290,Dharampeth,Zone II,Dharampeth,Grievous Hurt,High,Female,36-45,Late Night (11 PM-4 AM),Saturday,September,2026,Vehicle,Unknown,Yes,FIR Registered - Under Investigation,CCTV footage under review as part of investigation.,Fully Synthetic (for ML training / MVP use only - not real incidents)
NGP-SYN-0291,Itwari,Zone III,Itwari,Illegal Liquor Trade,Low,Male,26-35,Afternoon (11 AM-3 PM),Saturday,November,2025,None,3,Yes,Under Trial,Case reported to local police station; investigation ongoing.,Fully Synthetic (for ML training / MVP use only - not real incidents)
NGP-SYN-0292,Tehsil,Zone VI (Gandhibagh),Tehsil,Illegal Liquor Trade,Low,Female,Under 18,Evening (3-7 PM),Sunday,July,2026,None,2,Yes,Case Closed - Acquitted,Local police confirmed the incident; identity of accused not officially disclosed.,Fully Synthetic (for ML training / MVP use only - not real incidents)
NGP-SYN-0293,Subhash Nagar,Zone I,Subhash Nagar,Theft,Low,Female,18-25,Evening (3-7 PM),Thursday,June,2024,None,1,Yes,Chargesheet Filed,Case linked to a series of similar incidents in the area.,Fully Synthetic (for ML training / MVP use only - not real incidents)
NGP-SYN-0294,Bajeria,Zone III,Bajeria,Burglary,Medium,Female,26-35,Evening (3-7 PM),Thursday,January,2025,Blunt Object,1,No,FIR Registered - Under Investigation,Case linked to a series of similar incidents in the area.,Fully Synthetic (for ML training / MVP use only - not real incidents)
NGP-SYN-0295,Ramdaspeth,Zone II,Ramdaspeth,Burglary,Medium,Male,46-60,Afternoon (11 AM-3 PM),Sunday,September,2024,None,4,Yes,Chargesheet Filed,Details limited in public record; case status as per station register.,Fully Synthetic (for ML training / MVP use only - not real incidents)
NGP-SYN-0296,Pardi,Zone V,Pardi,Chain Snatching,Medium,Female,18-25,Late Night (11 PM-4 AM),Saturday,May,2026,Blunt Object,Unknown,Yes,Chargesheet Filed,Reported during routine beat patrolling; preventive action initiated in the locality.,Fully Synthetic (for ML training / MVP use only - not real incidents)
NGP-SYN-0297,Ashok Nagar,Other,Ashok Nagar,Domestic Violence / Cruelty by Relatives,Medium,Female,46-60,Late Night (11 PM-4 AM),Wednesday,August,2025,None,2,Yes,FIR Registered - Under Investigation,Local police confirmed the incident; identity of accused not officially disclosed.,Fully Synthetic (for ML training / MVP use only - not real incidents)
NGP-SYN-0298,Friends Colony,Zone IV,Friends Colony,Assault,Medium,Male,26-35,Late Night (11 PM-4 AM),Monday,November,2023,Knife/Sharp Weapon,1,Yes,Under Trial,Neighbourhood watch flagged the incident; forwarded to local police station.,Fully Synthetic (for ML training / MVP use only - not real incidents)
NGP-SYN-0299,Ravi Nagar,Zone II,Ravi Nagar,Cyber Fraud,Medium,Not Specified,Under 18,Late Night (11 PM-4 AM),Tuesday,May,2023,Knife/Sharp Weapon,2,Yes,Chargesheet Filed,Case registered under relevant sections of BNS; probe underway.,Fully Synthetic (for ML training / MVP use only - not real incidents)
NGP-SYN-0300,Hudkeshwar,Zone IV,Hudkeshwar,Theft,Low,Not Specified,18-25,Night (7-11 PM),Friday,July,2025,None,3,Yes,FIR Registered - Under Investigation,Complaint filed at nearest police chowki; case under review.,Fully Synthetic (for ML training / MVP use only - not real incidents)
NGP-SYN-0301,Manish Nagar,Zone IV,Manish Nagar,Grievous Hurt,High,Female,18-25,Night (7-11 PM),Sunday,January,2025,Knife/Sharp Weapon,1,Yes,Under Trial,Neighbourhood watch flagged the incident; forwarded to local police station.,Fully Synthetic (for ML training / MVP use only - not real incidents)
NGP-SYN-0302,Hingna,Zone I,Hingna,Cyber Fraud,Medium,Male,18-25,Night (7-11 PM),Sunday,July,2025,Knife/Sharp Weapon,1,No,Absconding Accused,Reported during routine beat patrolling; preventive action initiated in the locality.,Fully Synthetic (for ML training / MVP use only - not real incidents)
NGP-SYN-0303,Hudkeshwar,Zone IV,Hudkeshwar,Burglary,Medium,Not Specified,26-35,Evening (3-7 PM),Thursday,June,2024,None/Physical Force,1,No,Under Trial,Victim taken to nearby hospital for treatment.,Fully Synthetic (for ML training / MVP use only - not real incidents)
NGP-SYN-0304,Kapil Nagar,Zone V,Kapil Nagar,Mobile Phone Snatching,Low,Female,36-45,Late Night (11 PM-4 AM),Thursday,September,2024,None,2,Yes,FIR Registered - Under Investigation,CCTV footage under review as part of investigation.,Fully Synthetic (for ML training / MVP use only - not real incidents)
NGP-SYN-0305,Gaddi Godam,Zone III,Gaddi Godam,Eve Teasing / Harassment,Low,Female,26-35,Night (7-11 PM),Sunday,August,2023,None,4,Yes,Under Trial,Case reported to local police station; investigation ongoing.,Fully Synthetic (for ML training / MVP use only - not real incidents)
NGP-SYN-0306,Mangalwari,Zone III,Mangalwari,Fraud,Medium,Male,46-60,Late Night (11 PM-4 AM),Sunday,July,2025,None/Physical Force,Unknown,No,Under Trial,Victim taken to nearby hospital for treatment.,Fully Synthetic (for ML training / MVP use only - not real incidents)
NGP-SYN-0307,Ravi Nagar,Zone II,Ravi Nagar,Chain Snatching,Medium,Female,26-35,Late Night (11 PM-4 AM),Wednesday,June,2025,Knife/Sharp Weapon,4,Yes,Chargesheet Filed,Case linked to a series of similar incidents in the area.,Fully Synthetic (for ML training / MVP use only - not real incidents)
NGP-SYN-0308,Jaripatka,Zone V,Jaripatka,Fraud,Medium,Male,26-35,Morning (7-11 AM),Sunday,January,2023,None/Physical Force,2,Yes,Absconding Accused,Details limited in public record; case status as per station register.,Fully Synthetic (for ML training / MVP use only - not real incidents)
NGP-SYN-0309,Khapri,Zone V,Khapri,Motor Vehicle Theft,Medium,Male,36-45,Morning (7-11 AM),Saturday,January,2026,Blunt Object,1,No,Case Closed - Convicted,Case linked to a series of similar incidents in the area.,Fully Synthetic (for ML training / MVP use only - not real incidents)
NGP-SYN-0310,Kotwali,Zone VI (Gandhibagh),Kotwali,Burglary,Medium,Not Specified,36-45,Late Night (11 PM-4 AM),Monday,May,2026,Knife/Sharp Weapon,Unknown,Yes,Case Closed - Convicted,Reported during routine beat patrolling; preventive action initiated in the locality.,Fully Synthetic (for ML training / MVP use only - not real incidents)
NGP-SYN-0311,Sitabuldi,Zone III,Sitabuldi,Illegal Liquor Trade,Low,Not Specified,46-60,Morning (7-11 AM),Thursday,March,2025,None,Unknown,Yes,FIR Registered - Under Investigation,Local police confirmed the incident; identity of accused not officially disclosed.,Fully Synthetic (for ML training / MVP use only - not real incidents)
NGP-SYN-0312,Pardi,Zone V,Pardi,Robbery,High,Male,26-35,Night (7-11 PM),Wednesday,June,2025,None/Physical Force,1,Yes,FIR Registered - Under Investigation,Neighbourhood watch flagged the incident; forwarded to local police station.,Fully Synthetic (for ML training / MVP use only - not real incidents)
NGP-SYN-0313,Ramdaspeth,Zone II,Ramdaspeth,Illegal Liquor Trade,Low,Not Specified,Under 18,Night (7-11 PM),Wednesday,July,2025,None,1,No,FIR Registered - Under Investigation,FIR lodged based on victim complaint; no further public details available.,Fully Synthetic (for ML training / MVP use only - not real incidents)
NGP-SYN-0314,Trimurti Nagar,Zone I,Trimurti Nagar,Theft,Low,Female,26-35,Night (7-11 PM),Sunday,January,2026,None,1,No,Case Closed - Acquitted,Reported during routine beat patrolling; preventive action initiated in the locality.,Fully Synthetic (for ML training / MVP use only - not real incidents)
NGP-SYN-0315,Subhash Nagar,Zone I,Subhash Nagar,Cybercrime (OTP/Loan App Fraud),Medium,Not Specified,26-35,Morning (7-11 AM),Thursday,February,2025,None,1,Yes,FIR Registered - Under Investigation,Incident reported by area residents; police patrol increased subsequently.,Fully Synthetic (for ML training / MVP use only - not real incidents)
NGP-SYN-0316,Pardi,Zone V,Pardi,Domestic Violence / Cruelty by Relatives,Medium,Female,46-60,Late Night (11 PM-4 AM),Sunday,December,2024,Blunt Object,Unknown,No,Under Trial,Local police confirmed the incident; identity of accused not officially disclosed.,Fully Synthetic (for ML training / MVP use only - not real incidents)
NGP-SYN-0317,Mahal,Zone VI (Gandhibagh),Mahal,Fatal Road Accident (Rash Driving),High,Male,26-35,Evening (3-7 PM),Friday,March,2024,Vehicle,1,Yes,FIR Registered - Under Investigation,CCTV footage under review as part of investigation.,Fully Synthetic (for ML training / MVP use only - not real incidents)
NGP-SYN-0318,Lakadganj,Zone VI (Gandhibagh),Lakadganj,Theft,Low,Female,Under 18,Evening (3-7 PM),Wednesday,March,2024,None,2,No,Under Trial,Victim taken to nearby hospital for treatment.,Fully Synthetic (for ML training / MVP use only - not real incidents)
NGP-SYN-0319,Mangalwari,Zone III,Mangalwari,Theft,Low,Female,60+,Late Night (11 PM-4 AM),Tuesday,July,2024,None,1,Yes,Case Closed - Convicted,Reported during routine beat patrolling; preventive action initiated in the locality.,Fully Synthetic (for ML training / MVP use only - not real incidents)
NGP-SYN-0320,Imambada,Zone VI (Gandhibagh),Imambada,Illegal Weapons Possession,Medium,Male,36-45,Evening (3-7 PM),Tuesday,July,2026,None,1,Yes,FIR Registered - Under Investigation,Incident reported by area residents; police patrol increased subsequently.,Fully Synthetic (for ML training / MVP use only - not real incidents)
NGP-SYN-0321,Ajni,Zone IV,Ajni,Robbery,High,Male,60+,Late Night (11 PM-4 AM),Friday,October,2023,Firearm,1,No,Chargesheet Filed,FIR lodged based on victim complaint; no further public details available.,Fully Synthetic (for ML training / MVP use only - not real incidents)
NGP-SYN-0322,Manish Nagar,Zone IV,Manish Nagar,Fraud,Medium,Male,18-25,Early Morning (4-7 AM),Tuesday,October,2023,Knife/Sharp Weapon,2,Yes,Chargesheet Filed,Case registered under relevant sections of BNS; probe underway.,Fully Synthetic (for ML training / MVP use only - not real incidents)
NGP-SYN-0323,Ganeshpeth,Zone VI (Gandhibagh),Ganeshpeth,Fatal Road Accident (Rash Driving),High,Male,36-45,Night (7-11 PM),Tuesday,December,2025,None/Physical Force,2,Yes,FIR Registered - Under Investigation,Accused fled the scene; manhunt launched by local police.,Fully Synthetic (for ML training / MVP use only - not real incidents)
NGP-SYN-0324,Sadar,Zone II,Sadar,Cyber Fraud,Medium,Female,Under 18,Night (7-11 PM),Thursday,January,2026,Blunt Object,4,No,Under Trial,Details limited in public record; case status as per station register.,Fully Synthetic (for ML training / MVP use only - not real incidents)
NGP-SYN-0325,Mahal,Zone VI (Gandhibagh),Mahal,Assault,Medium,Male,60+,Morning (7-11 AM),Tuesday,April,2023,None/Physical Force,Unknown,Yes,FIR Registered - Under Investigation,Victim taken to nearby hospital for treatment.,Fully Synthetic (for ML training / MVP use only - not real incidents)
NGP-SYN-0326,Beltarodi,Zone IV,Beltarodi,Assault,Medium,Male,Under 18,Morning (7-11 AM),Tuesday,February,2026,None/Physical Force,1,No,Under Trial,Incident reported by area residents; police patrol increased subsequently.,Fully Synthetic (for ML training / MVP use only - not real incidents)
NGP-SYN-0327,Kalyan Nagar,Zone I,Kalyan Nagar,Cyber Fraud,Medium,Female,Under 18,Late Night (11 PM-4 AM),Friday,September,2026,None/Physical Force,3,Yes,Case Closed - Convicted,Details limited in public record; case status as per station register.,Fully Synthetic (for ML training / MVP use only - not real incidents)
NGP-SYN-0328,Mahal,Zone VI (Gandhibagh),Mahal,Fraud,Medium,Not Specified,26-35,Night (7-11 PM),Sunday,March,2024,None/Physical Force,2,No,Case Closed - Convicted,Neighbourhood watch flagged the incident; forwarded to local police station.,Fully Synthetic (for ML training / MVP use only - not real incidents)
NGP-SYN-0329,Sakkardara,Zone VI (Gandhibagh),Sakkardara,Theft,Low,Female,36-45,Late Night (11 PM-4 AM),Monday,February,2024,None,Unknown,Yes,Case Closed - Convicted,Accused fled the scene; manhunt launched by local police.,Fully Synthetic (for ML training / MVP use only - not real incidents)
NGP-SYN-0330,Sonegaon,Zone I,Sonegaon,Cybercrime (OTP/Loan App Fraud),Medium,Male,36-45,Afternoon (11 AM-3 PM),Sunday,June,2025,Blunt Object,1,Yes,Chargesheet Filed,Case registered under relevant sections of BNS; probe underway.,Fully Synthetic (for ML training / MVP use only - not real incidents)
NGP-SYN-0331,Sakkardara,Zone VI (Gandhibagh),Sakkardara,Theft,Low,Not Specified,60+,Evening (3-7 PM),Monday,February,2025,None,3,Yes,Absconding Accused,Case linked to a series of similar incidents in the area.,Fully Synthetic (for ML training / MVP use only - not real incidents)
NGP-SYN-0332,Giripeth,Zone II,Giripeth,Grievous Hurt,High,Female,Under 18,Late Night (11 PM-4 AM),Tuesday,December,2024,Vehicle,4,No,Case Pending,Local police confirmed the incident; identity of accused not officially disclosed.,Fully Synthetic (for ML training / MVP use only - not real incidents)
NGP-SYN-0333,Ajni,Zone IV,Ajni,Theft,Low,Male,60+,Evening (3-7 PM),Wednesday,June,2026,None,1,Yes,Under Trial,Victim taken to nearby hospital for treatment.,Fully Synthetic (for ML training / MVP use only - not real incidents)
NGP-SYN-0334,Shraddhanand Peth,Zone II,Shraddhanand Peth,Theft,Low,Female,18-25,Late Night (11 PM-4 AM),Tuesday,September,2026,None,4,Yes,Absconding Accused,FIR lodged based on victim complaint; no further public details available.,Fully Synthetic (for ML training / MVP use only - not real incidents)
NGP-SYN-0335,Mangalwari,Zone III,Mangalwari,Motor Vehicle Theft,Medium,Male,60+,Night (7-11 PM),Friday,November,2023,Blunt Object,1,No,FIR Registered - Under Investigation,Case registered under relevant sections of BNS; probe underway.,Fully Synthetic (for ML training / MVP use only - not real incidents)
NGP-SYN-0336,Pachpaoli,Zone VI (Gandhibagh),Pachpaoli,Fatal Road Accident (Rash Driving),High,Male,36-45,Afternoon (11 AM-3 PM),Tuesday,February,2024,Firearm,2,Yes,Under Trial,Details limited in public record; case status as per station register.,Fully Synthetic (for ML training / MVP use only - not real incidents)
NGP-SYN-0337,Imambada,Zone VI (Gandhibagh),Imambada,Molestation,High,Female,18-25,Afternoon (11 AM-3 PM),Wednesday,November,2026,Firearm,2,No,FIR Registered - Under Investigation,Details limited in public record; case status as per station register.,Fully Synthetic (for ML training / MVP use only - not real incidents)
NGP-SYN-0338,Pachpaoli,Zone VI (Gandhibagh),Pachpaoli,Robbery,High,Not Specified,26-35,Early Morning (4-7 AM),Monday,January,2023,Firearm,2,Yes,FIR Registered - Under Investigation,Reported during routine beat patrolling; preventive action initiated in the locality.,Fully Synthetic (for ML training / MVP use only - not real incidents)
NGP-SYN-0339,Imambada,Zone VI (Gandhibagh),Imambada,Domestic Violence / Cruelty by Relatives,Medium,Female,18-25,Morning (7-11 AM),Thursday,March,2025,Knife/Sharp Weapon,4,No,Chargesheet Filed,Accused fled the scene; manhunt launched by local police.,Fully Synthetic (for ML training / MVP use only - not real incidents)
NGP-SYN-0340,Itwari,Zone III,Itwari,Cyber Fraud,Medium,Male,36-45,Evening (3-7 PM),Wednesday,November,2026,None/Physical Force,4,Yes,Under Trial,Local police confirmed the incident; identity of accused not officially disclosed.,Fully Synthetic (for ML training / MVP use only - not real incidents)
NGP-SYN-0341,Hingna,Zone I,Hingna,Theft,Low,Not Specified,18-25,Evening (3-7 PM),Thursday,January,2023,None,2,Yes,FIR Registered - Under Investigation,Local police confirmed the incident; identity of accused not officially disclosed.,Fully Synthetic (for ML training / MVP use only - not real incidents)
NGP-SYN-0342,Bajaj Nagar,Zone I,Bajaj Nagar,Mobile Phone Snatching,Low,Male,46-60,Afternoon (11 AM-3 PM),Wednesday,March,2025,None,1,No,Chargesheet Filed,Victim taken to nearby hospital for treatment.,Fully Synthetic (for ML training / MVP use only - not real incidents)
NGP-SYN-0343,Pachpaoli,Zone VI (Gandhibagh),Pachpaoli,Chain Snatching,Medium,Female,18-25,Late Night (11 PM-4 AM),Tuesday,November,2023,None,4,No,Absconding Accused,Case registered under relevant sections of BNS; probe underway.,Fully Synthetic (for ML training / MVP use only - not real incidents)
NGP-SYN-0344,Beltarodi,Zone IV,Beltarodi,Mobile Phone Snatching,Low,Male,36-45,Early Morning (4-7 AM),Thursday,August,2023,None,2,Yes,FIR Registered - Under Investigation,FIR lodged based on victim complaint; no further public details available.,Fully Synthetic (for ML training / MVP use only - not real incidents)
NGP-SYN-0345,Ajni,Zone IV,Ajni,Cyber Fraud,Medium,Female,18-25,Evening (3-7 PM),Monday,April,2023,Blunt Object,2,Yes,Chargesheet Filed,Local police confirmed the incident; identity of accused not officially disclosed.,Fully Synthetic (for ML training / MVP use only - not real incidents)
NGP-SYN-0346,Pardi,Zone V,Pardi,Fatal Road Accident (Rash Driving),High,Male,26-35,Night (7-11 PM),Monday,July,2026,Knife/Sharp Weapon,2,No,Case Closed - Convicted,Case reported to local police station; investigation ongoing.,Fully Synthetic (for ML training / MVP use only - not real incidents)
NGP-SYN-0347,Shraddhanand Peth,Zone II,Shraddhanand Peth,Mobile Phone Snatching,Low,Female,Under 18,Afternoon (11 AM-3 PM),Tuesday,December,2026,None,2,No,Chargesheet Filed,FIR lodged based on victim complaint; no further public details available.,Fully Synthetic (for ML training / MVP use only - not real incidents)
NGP-SYN-0348,Mangalwari,Zone III,Mangalwari,Theft,Low,Male,60+,Morning (7-11 AM),Saturday,November,2025,None,1,Yes,FIR Registered - Under Investigation,Victim taken to nearby hospital for treatment.,Fully Synthetic (for ML training / MVP use only - not real incidents)
NGP-SYN-0349,Mahal,Zone VI (Gandhibagh),Mahal,Cyber Fraud,Medium,Not Specified,36-45,Night (7-11 PM),Saturday,June,2023,Blunt Object,1,No,Case Closed - Acquitted,Case reported to local police station; investigation ongoing.,Fully Synthetic (for ML training / MVP use only - not real incidents)
NGP-SYN-0350,Ravi Nagar,Zone II,Ravi Nagar,Illegal Weapons Possession,Medium,Male,26-35,Early Morning (4-7 AM),Thursday,May,2026,None/Physical Force,1,No,Chargesheet Filed,Incident reported by area residents; police patrol increased subsequently.,Fully Synthetic (for ML training / MVP use only - not real incidents)
NGP-SYN-0351,Sadar,Zone II,Sadar,Burglary,Medium,Female,18-25,Early Morning (4-7 AM),Wednesday,August,2024,Knife/Sharp Weapon,3,No,Case Pending,Neighbourhood watch flagged the incident; forwarded to local police station.,Fully Synthetic (for ML training / MVP use only - not real incidents)
NGP-SYN-0352,Shraddhanand Peth,Zone II,Shraddhanand Peth,Grievous Hurt,High,Male,26-35,Afternoon (11 AM-3 PM),Sunday,April,2025,Blunt Object,1,Yes,Case Pending,Reported during routine beat patrolling; preventive action initiated in the locality.,Fully Synthetic (for ML training / MVP use only - not real incidents)
NGP-SYN-0353,Mahal,Zone VI (Gandhibagh),Mahal,Motor Vehicle Theft,Medium,Not Specified,18-25,Evening (3-7 PM),Thursday,October,2026,None/Physical Force,3,Yes,FIR Registered - Under Investigation,Incident logged in police records; no fatalities reported.,Fully Synthetic (for ML training / MVP use only - not real incidents)
NGP-SYN-0354,Shraddhanand Peth,Zone II,Shraddhanand Peth,Theft,Low,Male,26-35,Afternoon (11 AM-3 PM),Sunday,June,2023,None,1,Yes,Case Pending,Case reported to local police station; investigation ongoing.,Fully Synthetic (for ML training / MVP use only - not real incidents)
NGP-SYN-0355,Suyog Nagar,Other,Suyog Nagar,Theft,Low,Female,26-35,Afternoon (11 AM-3 PM),Saturday,May,2026,None,1,Yes,Under Trial,Complaint filed at nearest police chowki; case under review.,Fully Synthetic (for ML training / MVP use only - not real incidents)
NGP-SYN-0356,Bajaj Nagar,Zone I,Bajaj Nagar,NDPS (Narcotics),Medium,Male,60+,Afternoon (11 AM-3 PM),Sunday,May,2025,Blunt Object,2,Yes,Chargesheet Filed,CCTV footage under review as part of investigation.,Fully Synthetic (for ML training / MVP use only - not real incidents)
NGP-SYN-0357,Dharampeth,Zone II,Dharampeth,Theft,Low,Not Specified,46-60,Night (7-11 PM),Friday,May,2025,None,2,Yes,Chargesheet Filed,Complaint filed at nearest police chowki; case under review.,Fully Synthetic (for ML training / MVP use only - not real incidents)
NGP-SYN-0358,Dharampeth,Zone II,Dharampeth,Burglary,Medium,Female,18-25,Late Night (11 PM-4 AM),Thursday,November,2023,None/Physical Force,3,Yes,Under Trial,Case registered under relevant sections of BNS; probe underway.,Fully Synthetic (for ML training / MVP use only - not real incidents)
NGP-SYN-0359,Beltarodi,Zone IV,Beltarodi,Theft,Low,Male,18-25,Evening (3-7 PM),Friday,April,2023,None,1,Yes,Case Pending,Complaint filed at nearest police chowki; case under review.,Fully Synthetic (for ML training / MVP use only - not real incidents)
NGP-SYN-0360,Mangalwari,Zone III,Mangalwari,Eve Teasing / Harassment,Low,Female,36-45,Night (7-11 PM),Monday,May,2025,None,Unknown,Yes,Case Pending,Case reported to local police station; investigation ongoing.,Fully Synthetic (for ML training / MVP use only - not real incidents)
NGP-SYN-0361,Pachpaoli,Zone VI (Gandhibagh),Pachpaoli,Assault,Medium,Female,60+,Night (7-11 PM),Tuesday,June,2026,Knife/Sharp Weapon,1,Yes,Chargesheet Filed,Victim taken to nearby hospital for treatment.,Fully Synthetic (for ML training / MVP use only - not real incidents)
NGP-SYN-0362,Dharampeth,Zone II,Dharampeth,Grievous Hurt,High,Female,36-45,Morning (7-11 AM),Tuesday,November,2025,Blunt Object,3,Yes,Under Trial,Accused fled the scene; manhunt launched by local police.,Fully Synthetic (for ML training / MVP use only - not real incidents)
NGP-SYN-0363,Indora,Other,Indora,House Break-in,Medium,Male,Under 18,Morning (7-11 AM),Monday,October,2026,None,2,No,Under Trial,Case registered under relevant sections of BNS; probe underway.,Fully Synthetic (for ML training / MVP use only - not real incidents)
NGP-SYN-0364,Khapri,Zone V,Khapri,Motor Vehicle Theft,Medium,Male,Under 18,Morning (7-11 AM),Tuesday,March,2024,Blunt Object,3,Yes,FIR Registered - Under Investigation,Incident reported by area residents; police patrol increased subsequently.,Fully Synthetic (for ML training / MVP use only - not real incidents)
NGP-SYN-0365,Wadi,Zone I,Wadi,Cybercrime (OTP/Loan App Fraud),Medium,Male,Under 18,Morning (7-11 AM),Wednesday,September,2024,Blunt Object,3,Yes,FIR Registered - Under Investigation,Reported during routine beat patrolling; preventive action initiated in the locality.,Fully Synthetic (for ML training / MVP use only - not real incidents)
NGP-SYN-0366,Sitabuldi,Zone III,Sitabuldi,Attempted Murder,High,Male,18-25,Afternoon (11 AM-3 PM),Tuesday,May,2025,Firearm,1,No,Case Closed - Acquitted,Victim taken to nearby hospital for treatment.,Fully Synthetic (for ML training / MVP use only - not real incidents)
NGP-SYN-0367,Civil Lines,Zone II,Civil Lines,Cyber Fraud,Medium,Not Specified,26-35,Late Night (11 PM-4 AM),Thursday,July,2026,None/Physical Force,1,No,Under Trial,Local police confirmed the incident; identity of accused not officially disclosed.,Fully Synthetic (for ML training / MVP use only - not real incidents)
NGP-SYN-0368,Vayusena Nagar,Other,Vayusena Nagar,Illegal Liquor Trade,Low,Male,18-25,Early Morning (4-7 AM),Friday,April,2026,None,2,No,Under Trial,FIR lodged based on victim complaint; no further public details available.,Fully Synthetic (for ML training / MVP use only - not real incidents)
NGP-SYN-0369,Pratap Nagar,Zone I,Pratap Nagar,Motor Vehicle Theft,Medium,Not Specified,46-60,Afternoon (11 AM-3 PM),Friday,July,2024,None,1,Yes,FIR Registered - Under Investigation,Neighbourhood watch flagged the incident; forwarded to local police station.,Fully Synthetic (for ML training / MVP use only - not real incidents)
NGP-SYN-0370,Pratap Nagar,Zone I,Pratap Nagar,Mobile Phone Snatching,Low,Female,36-45,Afternoon (11 AM-3 PM),Wednesday,April,2026,None,1,No,Case Closed - Convicted,CCTV footage under review as part of investigation.,Fully Synthetic (for ML training / MVP use only - not real incidents)
NGP-SYN-0371,Nandanvan,Zone IV,Nandanvan,Theft,Low,Female,36-45,Late Night (11 PM-4 AM),Monday,May,2025,None,1,Yes,Chargesheet Filed,Victim taken to nearby hospital for treatment.,Fully Synthetic (for ML training / MVP use only - not real incidents)
NGP-SYN-0372,Pipla,Zone V,Pipla,Theft,Low,Male,36-45,Morning (7-11 AM),Sunday,February,2023,None,4,No,Chargesheet Filed,Neighbourhood watch flagged the incident; forwarded to local police station.,Fully Synthetic (for ML training / MVP use only - not real incidents)
NGP-SYN-0373,Friends Colony,Zone IV,Friends Colony,Grievous Hurt,High,Male,18-25,Late Night (11 PM-4 AM),Wednesday,February,2024,Firearm,1,Yes,Case Closed - Acquitted,Victim taken to nearby hospital for treatment.,Fully Synthetic (for ML training / MVP use only - not real incidents)
NGP-SYN-0374,Wardhaman Nagar,Zone IV,Wardhaman Nagar,Burglary,Medium,Female,26-35,Late Night (11 PM-4 AM),Friday,June,2025,None,2,Yes,Under Trial,Case reported to local police station; investigation ongoing.,Fully Synthetic (for ML training / MVP use only - not real incidents)
NGP-SYN-0375,Bajeria,Zone III,Bajeria,Assault,Medium,Male,60+,Late Night (11 PM-4 AM),Wednesday,January,2025,Blunt Object,3,Yes,FIR Registered - Under Investigation,CCTV footage under review as part of investigation.,Fully Synthetic (for ML training / MVP use only - not real incidents)
NGP-SYN-0376,Friends Colony,Zone IV,Friends Colony,Gambling,Low,Male,36-45,Morning (7-11 AM),Tuesday,November,2026,None,1,Yes,FIR Registered - Under Investigation,Neighbourhood watch flagged the incident; forwarded to local police station.,Fully Synthetic (for ML training / MVP use only - not real incidents)
NGP-SYN-0377,Jaripatka,Zone V,Jaripatka,Chain Snatching,Medium,Female,26-35,Afternoon (11 AM-3 PM),Thursday,April,2024,None,1,Yes,Under Trial,Neighbourhood watch flagged the incident; forwarded to local police station.,Fully Synthetic (for ML training / MVP use only - not real incidents)
NGP-SYN-0378,Kotwali,Zone VI (Gandhibagh),Kotwali,Domestic Violence / Cruelty by Relatives,Medium,Female,18-25,Afternoon (11 AM-3 PM),Saturday,April,2024,Knife/Sharp Weapon,1,Yes,Under Trial,Victim taken to nearby hospital for treatment.,Fully Synthetic (for ML training / MVP use only - not real incidents)
NGP-SYN-0379,Kalyan Nagar,Zone I,Kalyan Nagar,Rioting,High,Female,Under 18,Late Night (11 PM-4 AM),Sunday,March,2026,Vehicle,1,Yes,Chargesheet Filed,Details limited in public record; case status as per station register.,Fully Synthetic (for ML training / MVP use only - not real incidents)
NGP-SYN-0380,Itwari,Zone III,Itwari,Eve Teasing / Harassment,Low,Female,Under 18,Early Morning (4-7 AM),Friday,May,2023,None,Unknown,No,Case Closed - Convicted,Case reported to local police station; investigation ongoing.,Fully Synthetic (for ML training / MVP use only - not real incidents)
NGP-SYN-0381,Gandhinagar,Other,Gandhinagar,Burglary,Medium,Male,18-25,Late Night (11 PM-4 AM),Monday,April,2024,Knife/Sharp Weapon,2,Yes,Chargesheet Filed,CCTV footage under review as part of investigation.,Fully Synthetic (for ML training / MVP use only - not real incidents)
NGP-SYN-0382,Seminary Hills,Other,Seminary Hills,Murder,High,Male,36-45,Late Night (11 PM-4 AM),Wednesday,November,2024,Knife/Sharp Weapon,1,Yes,Under Trial,Complaint filed at nearest police chowki; case under review.,Fully Synthetic (for ML training / MVP use only - not real incidents)
NGP-SYN-0383,Tehsil,Zone VI (Gandhibagh),Tehsil,Mobile Phone Snatching,Low,Male,46-60,Evening (3-7 PM),Sunday,December,2023,None,Unknown,Yes,Under Trial,CCTV footage under review as part of investigation.,Fully Synthetic (for ML training / MVP use only - not real incidents)
NGP-SYN-0384,Suyog Nagar,Other,Suyog Nagar,Illegal Liquor Trade,Low,Female,26-35,Evening (3-7 PM),Monday,February,2024,None,1,Yes,Under Trial,FIR lodged based on victim complaint; no further public details available.,Fully Synthetic (for ML training / MVP use only - not real incidents)
NGP-SYN-0385,Ramdaspeth,Zone II,Ramdaspeth,Illegal Liquor Trade,Low,Male,26-35,Night (7-11 PM),Wednesday,July,2025,None,1,Yes,FIR Registered - Under Investigation,Victim taken to nearby hospital for treatment.,Fully Synthetic (for ML training / MVP use only - not real incidents)
NGP-SYN-0386,Kapil Nagar,Zone V,Kapil Nagar,Assault,Medium,Female,36-45,Late Night (11 PM-4 AM),Friday,February,2024,Knife/Sharp Weapon,Unknown,No,Under Trial,Details limited in public record; case status as per station register.,Fully Synthetic (for ML training / MVP use only - not real incidents)
NGP-SYN-0387,Manish Nagar,Zone IV,Manish Nagar,Theft,Low,Male,36-45,Late Night (11 PM-4 AM),Saturday,November,2025,None,Unknown,Yes,FIR Registered - Under Investigation,Case linked to a series of similar incidents in the area.,Fully Synthetic (for ML training / MVP use only - not real incidents)
NGP-SYN-0388,Jaripatka,Zone V,Jaripatka,Theft,Low,Male,26-35,Night (7-11 PM),Sunday,September,2024,None,1,Yes,FIR Registered - Under Investigation,Accused fled the scene; manhunt launched by local police.,Fully Synthetic (for ML training / MVP use only - not real incidents)
NGP-SYN-0389,Khaparkheda,Other,Khaparkheda,Eve Teasing / Harassment,Low,Female,60+,Evening (3-7 PM),Thursday,February,2025,None,Unknown,Yes,FIR Registered - Under Investigation,Case registered under relevant sections of BNS; probe underway.,Fully Synthetic (for ML training / MVP use only - not real incidents)
NGP-SYN-0390,Dharampeth,Zone II,Dharampeth,Cyber Fraud,Medium,Not Specified,Under 18,Late Night (11 PM-4 AM),Sunday,September,2024,Blunt Object,Unknown,Yes,Case Closed - Convicted,Incident reported by area residents; police patrol increased subsequently.,Fully Synthetic (for ML training / MVP use only - not real incidents)
NGP-SYN-0391,Hawrapeth,Other,Hawrapeth,Fraud,Medium,Not Specified,46-60,Evening (3-7 PM),Saturday,December,2026,Blunt Object,Unknown,Yes,Case Closed - Convicted,Case registered under relevant sections of BNS; probe underway.,Fully Synthetic (for ML training / MVP use only - not real incidents)
NGP-SYN-0392,Civil Lines,Zone II,Civil Lines,Fraud,Medium,Female,26-35,Late Night (11 PM-4 AM),Friday,April,2024,Knife/Sharp Weapon,1,Yes,Case Closed - Convicted,CCTV footage under review as part of investigation.,Fully Synthetic (for ML training / MVP use only - not real incidents)
NGP-SYN-0393,Bajeria,Zone III,Bajeria,Theft,Low,Male,18-25,Night (7-11 PM),Friday,April,2023,None,3,No,FIR Registered - Under Investigation,Accused fled the scene; manhunt launched by local police.,Fully Synthetic (for ML training / MVP use only - not real incidents)
NGP-SYN-0394,Sakkardara,Zone VI (Gandhibagh),Sakkardara,Molestation,High,Female,26-35,Late Night (11 PM-4 AM),Sunday,August,2026,Vehicle,Unknown,No,FIR Registered - Under Investigation,FIR lodged based on victim complaint; no further public details available.,Fully Synthetic (for ML training / MVP use only - not real incidents)
NGP-SYN-0395,Hudkeshwar,Zone IV,Hudkeshwar,Fraud,Medium,Female,36-45,Evening (3-7 PM),Tuesday,April,2025,Knife/Sharp Weapon,1,No,Chargesheet Filed,Incident reported by area residents; police patrol increased subsequently.,Fully Synthetic (for ML training / MVP use only - not real incidents)
NGP-SYN-0396,Bajeria,Zone III,Bajeria,Motor Vehicle Theft,Medium,Male,18-25,Evening (3-7 PM),Thursday,July,2024,Knife/Sharp Weapon,Unknown,Yes,FIR Registered - Under Investigation,Case linked to a series of similar incidents in the area.,Fully Synthetic (for ML training / MVP use only - not real incidents)
NGP-SYN-0397,Gitti Khadan,Zone III,Gitti Khadan,Cyber Fraud,Medium,Not Specified,26-35,Afternoon (11 AM-3 PM),Saturday,June,2024,Blunt Object,1,No,Case Closed - Convicted,Complaint filed at nearest police chowki; case under review.,Fully Synthetic (for ML training / MVP use only - not real incidents)
NGP-SYN-0398,Beltarodi,Zone IV,Beltarodi,House Break-in,Medium,Female,46-60,Night (7-11 PM),Monday,September,2026,Blunt Object,3,No,Chargesheet Filed,Case reported to local police station; investigation ongoing.,Fully Synthetic (for ML training / MVP use only - not real incidents)
NGP-SYN-0399,Kotwali,Zone VI (Gandhibagh),Kotwali,House Break-in,Medium,Female,18-25,Night (7-11 PM),Saturday,June,2023,None/Physical Force,1,Yes,Case Pending,Case linked to a series of similar incidents in the area.,Fully Synthetic (for ML training / MVP use only - not real incidents)
NGP-SYN-0400,Ramdaspeth,Zone II,Ramdaspeth,Fraud,Medium,Male,26-35,Night (7-11 PM),Friday,January,2023,Blunt Object,1,No,FIR Registered - Under Investigation,Reported during routine beat patrolling; preventive action initiated in the locality.,Fully Synthetic (for ML training / MVP use only - not real incidents)
NGP-SYN-0401,Pardi,Zone V,Pardi,Burglary,Medium,Female,46-60,Night (7-11 PM),Wednesday,June,2025,Knife/Sharp Weapon,2,Yes,Case Closed - Acquitted,Complaint filed at nearest police chowki; case under review.,Fully Synthetic (for ML training / MVP use only - not real incidents)
NGP-SYN-0402,Sonegaon,Zone I,Sonegaon,Rape,High,Female,46-60,Early Morning (4-7 AM),Sunday,May,2026,Vehicle,2,Yes,FIR Registered - Under Investigation,Incident logged in police records; no fatalities reported.,Fully Synthetic (for ML training / MVP use only - not real incidents)
NGP-SYN-0403,Civil Lines,Zone II,Civil Lines,Theft,Low,Male,18-25,Night (7-11 PM),Monday,May,2023,None,Unknown,No,FIR Registered - Under Investigation,Accused fled the scene; manhunt launched by local police.,Fully Synthetic (for ML training / MVP use only - not real incidents)
NGP-SYN-0404,Shraddhanand Peth,Zone II,Shraddhanand Peth,Theft,Low,Not Specified,Under 18,Late Night (11 PM-4 AM),Thursday,December,2023,None,1,No,Chargesheet Filed,Case linked to a series of similar incidents in the area.,Fully Synthetic (for ML training / MVP use only - not real incidents)
NGP-SYN-0405,Lakadganj,Zone VI (Gandhibagh),Lakadganj,Assault,Medium,Not Specified,18-25,Morning (7-11 AM),Wednesday,January,2023,None/Physical Force,1,Yes,FIR Registered - Under Investigation,Accused fled the scene; manhunt launched by local police.,Fully Synthetic (for ML training / MVP use only - not real incidents)
NGP-SYN-0406,Hingna,Zone I,Hingna,Cyber Fraud,Medium,Male,36-45,Night (7-11 PM),Wednesday,July,2026,Blunt Object,1,Yes,Chargesheet Filed,Complaint filed at nearest police chowki; case under review.,Fully Synthetic (for ML training / MVP use only - not real incidents)
NGP-SYN-0407,Hingna,Zone I,Hingna,Cyber Fraud,Medium,Male,18-25,Morning (7-11 AM),Friday,August,2025,Knife/Sharp Weapon,1,Yes,Case Closed - Acquitted,Details limited in public record; case status as per station register.,Fully Synthetic (for ML training / MVP use only - not real incidents)
NGP-SYN-0408,Kalmeshwar,Other,Kalmeshwar,Cyber Fraud,Medium,Female,Under 18,Evening (3-7 PM),Sunday,March,2025,Knife/Sharp Weapon,2,No,Case Closed - Acquitted,Case reported to local police station; investigation ongoing.,Fully Synthetic (for ML training / MVP use only - not real incidents)
NGP-SYN-0409,Ravi Nagar,Zone II,Ravi Nagar,Theft,Low,Female,36-45,Morning (7-11 AM),Saturday,December,2024,None,3,Yes,Under Trial,Case registered under relevant sections of BNS; probe underway.,Fully Synthetic (for ML training / MVP use only - not real incidents)
NGP-SYN-0410,Friends Colony,Zone IV,Friends Colony,Motor Vehicle Theft,Medium,Not Specified,46-60,Morning (7-11 AM),Sunday,November,2026,Blunt Object,Unknown,No,FIR Registered - Under Investigation,Details limited in public record; case status as per station register.,Fully Synthetic (for ML training / MVP use only - not real incidents)
NGP-SYN-0411,Mominpura,Zone III,Mominpura,Molestation,High,Not Specified,26-35,Evening (3-7 PM),Thursday,February,2024,Vehicle,1,No,Chargesheet Filed,Case linked to a series of similar incidents in the area.,Fully Synthetic (for ML training / MVP use only - not real incidents)
NGP-SYN-0412,Jaripatka,Zone V,Jaripatka,Eve Teasing / Harassment,Low,Female,26-35,Night (7-11 PM),Thursday,February,2026,None,2,No,FIR Registered - Under Investigation,Local police confirmed the incident; identity of accused not officially disclosed.,Fully Synthetic (for ML training / MVP use only - not real incidents)
NGP-SYN-0413,Imambada,Zone VI (Gandhibagh),Imambada,Motor Vehicle Theft,Medium,Male,36-45,Night (7-11 PM),Tuesday,May,2026,None/Physical Force,1,Yes,FIR Registered - Under Investigation,FIR lodged based on victim complaint; no further public details available.,Fully Synthetic (for ML training / MVP use only - not real incidents)
NGP-SYN-0414,Jaripatka,Zone V,Jaripatka,House Break-in,Medium,Not Specified,36-45,Night (7-11 PM),Saturday,July,2026,Knife/Sharp Weapon,1,Yes,Chargesheet Filed,Accused fled the scene; manhunt launched by local police.,Fully Synthetic (for ML training / MVP use only - not real incidents)
NGP-SYN-0415,Giripeth,Zone II,Giripeth,Eve Teasing / Harassment,Low,Female,60+,Early Morning (4-7 AM),Wednesday,April,2026,None,1,Yes,Chargesheet Filed,Case linked to a series of similar incidents in the area.,Fully Synthetic (for ML training / MVP use only - not real incidents)
NGP-SYN-0416,Wadi,Zone I,Wadi,Theft,Low,Male,26-35,Evening (3-7 PM),Tuesday,October,2024,None,3,Yes,Under Trial,Incident reported by area residents; police patrol increased subsequently.,Fully Synthetic (for ML training / MVP use only - not real incidents)
NGP-SYN-0417,Mankapur,Other,Mankapur,Assault,Medium,Female,46-60,Morning (7-11 AM),Wednesday,May,2026,Blunt Object,Unknown,Yes,Chargesheet Filed,Case reported to local police station; investigation ongoing.,Fully Synthetic (for ML training / MVP use only - not real incidents)
NGP-SYN-0418,Gokulpeth,Other,Gokulpeth,Assault,Medium,Female,46-60,Night (7-11 PM),Sunday,August,2024,None,3,Yes,FIR Registered - Under Investigation,Reported during routine beat patrolling; preventive action initiated in the locality.,Fully Synthetic (for ML training / MVP use only - not real incidents)
NGP-SYN-0419,Manish Nagar,Zone IV,Manish Nagar,Mobile Phone Snatching,Low,Female,46-60,Late Night (11 PM-4 AM),Thursday,June,2023,None,Unknown,No,Case Closed - Convicted,Incident reported by area residents; police patrol increased subsequently.,Fully Synthetic (for ML training / MVP use only - not real incidents)
NGP-SYN-0420,Mangalwari,Zone III,Mangalwari,Cyber Fraud,Medium,Male,36-45,Night (7-11 PM),Thursday,June,2026,Knife/Sharp Weapon,1,No,FIR Registered - Under Investigation,FIR lodged based on victim complaint; no further public details available.,Fully Synthetic (for ML training / MVP use only - not real incidents)
NGP-SYN-0421,Gaddi Godam,Zone III,Gaddi Godam,Robbery,High,Not Specified,18-25,Night (7-11 PM),Thursday,May,2025,Firearm,3,Yes,Chargesheet Filed,CCTV footage under review as part of investigation.,Fully Synthetic (for ML training / MVP use only - not real incidents)
NGP-SYN-0422,Tehsil,Zone VI (Gandhibagh),Tehsil,Fatal Road Accident (Rash Driving),High,Female,36-45,Late Night (11 PM-4 AM),Wednesday,March,2025,Vehicle,1,Yes,Case Pending,Case registered under relevant sections of BNS; probe underway.,Fully Synthetic (for ML training / MVP use only - not real incidents)
NGP-SYN-0423,Ravi Nagar,Zone II,Ravi Nagar,Cattle Theft,Low,Not Specified,Under 18,Early Morning (4-7 AM),Sunday,February,2025,None,1,Yes,FIR Registered - Under Investigation,Case linked to a series of similar incidents in the area.,Fully Synthetic (for ML training / MVP use only - not real incidents)
NGP-SYN-0424,Pratap Nagar,Zone I,Pratap Nagar,Burglary,Medium,Not Specified,Under 18,Night (7-11 PM),Wednesday,May,2023,None/Physical Force,2,Yes,Case Pending,Details limited in public record; case status as per station register.,Fully Synthetic (for ML training / MVP use only - not real incidents)
NGP-SYN-0425,Lakadganj,Zone VI (Gandhibagh),Lakadganj,House Break-in,Medium,Male,60+,Night (7-11 PM),Friday,May,2026,Blunt Object,1,Yes,FIR Registered - Under Investigation,Accused fled the scene; manhunt launched by local police.,Fully Synthetic (for ML training / MVP use only - not real incidents)
NGP-SYN-0426,Wardhaman Nagar,Zone IV,Wardhaman Nagar,Counterfeit Currency,Low,Male,46-60,Early Morning (4-7 AM),Friday,May,2025,None,4,Yes,FIR Registered - Under Investigation,Incident reported by area residents; police patrol increased subsequently.,Fully Synthetic (for ML training / MVP use only - not real incidents)
NGP-SYN-0427,Wadi,Zone I,Wadi,Theft,Low,Female,36-45,Night (7-11 PM),Wednesday,March,2024,None,1,Yes,Chargesheet Filed,Reported during routine beat patrolling; preventive action initiated in the locality.,Fully Synthetic (for ML training / MVP use only - not real incidents)
NGP-SYN-0428,Sadar,Zone II,Sadar,Chain Snatching,Medium,Male,18-25,Late Night (11 PM-4 AM),Thursday,September,2025,Knife/Sharp Weapon,3,Yes,Case Closed - Convicted,Complaint filed at nearest police chowki; case under review.,Fully Synthetic (for ML training / MVP use only - not real incidents)
NGP-SYN-0429,Dharampeth,Zone II,Dharampeth,Domestic Violence / Cruelty by Relatives,Medium,Female,36-45,Afternoon (11 AM-3 PM),Sunday,February,2024,Blunt Object,1,Yes,Absconding Accused,Incident logged in police records; no fatalities reported.,Fully Synthetic (for ML training / MVP use only - not real incidents)
NGP-SYN-0430,Pratap Nagar,Zone I,Pratap Nagar,Cyber Fraud,Medium,Male,26-35,Evening (3-7 PM),Wednesday,February,2023,None/Physical Force,3,No,Case Closed - Convicted,FIR lodged based on victim complaint; no further public details available.,Fully Synthetic (for ML training / MVP use only - not real incidents)
NGP-SYN-0431,Trimurti Nagar,Zone I,Trimurti Nagar,Burglary,Medium,Male,36-45,Morning (7-11 AM),Thursday,May,2023,None,1,No,FIR Registered - Under Investigation,Reported during routine beat patrolling; preventive action initiated in the locality.,Fully Synthetic (for ML training / MVP use only - not real incidents)
NGP-SYN-0432,Shraddhanand Peth,Zone II,Shraddhanand Peth,Cyber Fraud,Medium,Male,60+,Evening (3-7 PM),Friday,May,2026,Blunt Object,1,Yes,Under Trial,Case reported to local police station; investigation ongoing.,Fully Synthetic (for ML training / MVP use only - not real incidents)
NGP-SYN-0433,Sakkardara,Zone VI (Gandhibagh),Sakkardara,Eve Teasing / Harassment,Low,Not Specified,18-25,Evening (3-7 PM),Tuesday,February,2025,None,1,Yes,Chargesheet Filed,Incident logged in police records; no fatalities reported.,Fully Synthetic (for ML training / MVP use only - not real incidents)
NGP-SYN-0434,Dharampeth,Zone II,Dharampeth,Motor Vehicle Theft,Medium,Male,18-25,Night (7-11 PM),Wednesday,November,2024,Knife/Sharp Weapon,1,Yes,Chargesheet Filed,Case registered under relevant sections of BNS; probe underway.,Fully Synthetic (for ML training / MVP use only - not real incidents)
NGP-SYN-0435,Hingna,Zone I,Hingna,Kidnapping,High,Male,26-35,Morning (7-11 AM),Saturday,September,2023,Blunt Object,1,Yes,Absconding Accused,Incident logged in police records; no fatalities reported.,Fully Synthetic (for ML training / MVP use only - not real incidents)
NGP-SYN-0436,Kapil Nagar,Zone V,Kapil Nagar,Fatal Road Accident (Rash Driving),High,Male,26-35,Early Morning (4-7 AM),Tuesday,July,2023,None/Physical Force,2,Yes,FIR Registered - Under Investigation,CCTV footage under review as part of investigation.,Fully Synthetic (for ML training / MVP use only - not real incidents)
NGP-SYN-0437,Mahal,Zone VI (Gandhibagh),Mahal,Robbery,High,Male,18-25,Morning (7-11 AM),Wednesday,May,2026,Firearm,1,Yes,FIR Registered - Under Investigation,Incident reported by area residents; police patrol increased subsequently.,Fully Synthetic (for ML training / MVP use only - not real incidents)
NGP-SYN-0438,Bajeria,Zone III,Bajeria,Molestation,High,Female,Under 18,Evening (3-7 PM),Saturday,April,2024,Firearm,1,Yes,Case Closed - Convicted,Incident reported by area residents; police patrol increased subsequently.,Fully Synthetic (for ML training / MVP use only - not real incidents)
NGP-SYN-0439,Ashok Nagar,Other,Ashok Nagar,Theft,Low,Male,Under 18,Night (7-11 PM),Friday,May,2023,None,3,No,Under Trial,Reported during routine beat patrolling; preventive action initiated in the locality.,Fully Synthetic (for ML training / MVP use only - not real incidents)
NGP-SYN-0440,Kapil Nagar,Zone V,Kapil Nagar,Fraud,Medium,Not Specified,18-25,Night (7-11 PM),Wednesday,June,2024,Blunt Object,Unknown,Yes,Chargesheet Filed,Neighbourhood watch flagged the incident; forwarded to local police station.,Fully Synthetic (for ML training / MVP use only - not real incidents)
NGP-SYN-0441,Lakadganj,Zone VI (Gandhibagh),Lakadganj,Assault,Medium,Not Specified,26-35,Early Morning (4-7 AM),Sunday,February,2024,Blunt Object,3,No,FIR Registered - Under Investigation,CCTV footage under review as part of investigation.,Fully Synthetic (for ML training / MVP use only - not real incidents)
NGP-SYN-0442,Ravi Nagar,Zone II,Ravi Nagar,Cyber Fraud,Medium,Not Specified,26-35,Night (7-11 PM),Thursday,May,2025,Knife/Sharp Weapon,1,No,Chargesheet Filed,Reported during routine beat patrolling; preventive action initiated in the locality.,Fully Synthetic (for ML training / MVP use only - not real incidents)
NGP-SYN-0443,Mominpura,Zone III,Mominpura,Cyber Fraud,Medium,Female,36-45,Evening (3-7 PM),Saturday,July,2026,Blunt Object,2,Yes,Under Trial,Accused fled the scene; manhunt launched by local police.,Fully Synthetic (for ML training / MVP use only - not real incidents)
NGP-SYN-0444,Sitabuldi,Zone III,Sitabuldi,Molestation,High,Female,Under 18,Evening (3-7 PM),Sunday,May,2025,Vehicle,1,Yes,Case Closed - Convicted,Victim taken to nearby hospital for treatment.,Fully Synthetic (for ML training / MVP use only - not real incidents)
NGP-SYN-0445,Jaitala,Other,Jaitala,Theft,Low,Female,18-25,Morning (7-11 AM),Sunday,June,2023,None,1,No,FIR Registered - Under Investigation,Complaint filed at nearest police chowki; case under review.,Fully Synthetic (for ML training / MVP use only - not real incidents)
NGP-SYN-0446,Bajeria,Zone III,Bajeria,Motor Vehicle Theft,Medium,Male,26-35,Night (7-11 PM),Monday,June,2026,None/Physical Force,1,Yes,Absconding Accused,Case linked to a series of similar incidents in the area.,Fully Synthetic (for ML training / MVP use only - not real incidents)
NGP-SYN-0447,Giripeth,Zone II,Giripeth,Motor Vehicle Theft,Medium,Female,18-25,Night (7-11 PM),Wednesday,October,2024,Knife/Sharp Weapon,1,Yes,Chargesheet Filed,Case reported to local police station; investigation ongoing.,Fully Synthetic (for ML training / MVP use only - not real incidents)
NGP-SYN-0448,Tehsil,Zone VI (Gandhibagh),Tehsil,Gambling,Low,Male,26-35,Late Night (11 PM-4 AM),Friday,January,2023,None,1,Yes,Case Closed - Acquitted,CCTV footage under review as part of investigation.,Fully Synthetic (for ML training / MVP use only - not real incidents)
NGP-SYN-0449,Sakkardara,Zone VI (Gandhibagh),Sakkardara,Theft,Low,Male,36-45,Evening (3-7 PM),Saturday,September,2025,None,2,Yes,FIR Registered - Under Investigation,Case linked to a series of similar incidents in the area.,Fully Synthetic (for ML training / MVP use only - not real incidents)
NGP-SYN-0450,Dharampeth,Zone II,Dharampeth,Theft,Low,Male,46-60,Late Night (11 PM-4 AM),Tuesday,July,2023,None,1,No,Absconding Accused,CCTV footage under review as part of investigation.,Fully Synthetic (for ML training / MVP use only - not real incidents)
NGP-SYN-0451,Wardhaman Nagar,Zone IV,Wardhaman Nagar,Robbery,High,Male,26-35,Night (7-11 PM),Thursday,August,2026,Blunt Object,1,Yes,FIR Registered - Under Investigation,Case reported to local police station; investigation ongoing.,Fully Synthetic (for ML training / MVP use only - not real incidents)
NGP-SYN-0452,Besa,Zone V,Besa,Mobile Phone Snatching,Low,Not Specified,26-35,Late Night (11 PM-4 AM),Sunday,May,2026,None,Unknown,No,FIR Registered - Under Investigation,Victim taken to nearby hospital for treatment.,Fully Synthetic (for ML training / MVP use only - not real incidents)
NGP-SYN-0453,Gitti Khadan,Zone III,Gitti Khadan,Attempted Murder,High,Male,Under 18,Night (7-11 PM),Friday,July,2023,Firearm,3,Yes,FIR Registered - Under Investigation,Incident logged in police records; no fatalities reported.,Fully Synthetic (for ML training / MVP use only - not real incidents)
NGP-SYN-0454,Lakadganj,Zone VI (Gandhibagh),Lakadganj,Cyber Fraud,Medium,Male,26-35,Night (7-11 PM),Thursday,April,2025,Knife/Sharp Weapon,2,No,FIR Registered - Under Investigation,Reported during routine beat patrolling; preventive action initiated in the locality.,Fully Synthetic (for ML training / MVP use only - not real incidents)
NGP-SYN-0455,Mominpura,Zone III,Mominpura,Fraud,Medium,Male,36-45,Night (7-11 PM),Wednesday,November,2026,None/Physical Force,4,Yes,Chargesheet Filed,Incident reported by area residents; police patrol increased subsequently.,Fully Synthetic (for ML training / MVP use only - not real incidents)
NGP-SYN-0456,Ajni,Zone IV,Ajni,Burglary,Medium,Female,Under 18,Afternoon (11 AM-3 PM),Wednesday,July,2024,Blunt Object,3,Yes,Case Closed - Acquitted,Case registered under relevant sections of BNS; probe underway.,Fully Synthetic (for ML training / MVP use only - not real incidents)
NGP-SYN-0457,Sitabuldi,Zone III,Sitabuldi,Chain Snatching,Medium,Female,46-60,Evening (3-7 PM),Friday,August,2025,Knife/Sharp Weapon,2,No,Under Trial,Incident logged in police records; no fatalities reported.,Fully Synthetic (for ML training / MVP use only - not real incidents)
NGP-SYN-0458,Ravi Nagar,Zone II,Ravi Nagar,Theft,Low,Male,36-45,Afternoon (11 AM-3 PM),Friday,November,2026,None,2,Yes,Under Trial,Case linked to a series of similar incidents in the area.,Fully Synthetic (for ML training / MVP use only - not real incidents)
NGP-SYN-0459,Wardhaman Nagar,Zone IV,Wardhaman Nagar,Theft,Low,Not Specified,18-25,Morning (7-11 AM),Sunday,October,2025,None,4,No,Case Closed - Acquitted,Victim taken to nearby hospital for treatment.,Fully Synthetic (for ML training / MVP use only - not real incidents)
NGP-SYN-0460,Tehsil,Zone VI (Gandhibagh),Tehsil,Grievous Hurt,High,Not Specified,46-60,Morning (7-11 AM),Saturday,January,2026,None/Physical Force,2,Yes,Chargesheet Filed,FIR lodged based on victim complaint; no further public details available.,Fully Synthetic (for ML training / MVP use only - not real incidents)
NGP-SYN-0461,Lakadganj,Zone VI (Gandhibagh),Lakadganj,Robbery,High,Male,Under 18,Late Night (11 PM-4 AM),Thursday,April,2025,Vehicle,2,No,FIR Registered - Under Investigation,FIR lodged based on victim complaint; no further public details available.,Fully Synthetic (for ML training / MVP use only - not real incidents)
NGP-SYN-0462,Jaitala,Other,Jaitala,Fraud,Medium,Male,36-45,Evening (3-7 PM),Monday,February,2024,None/Physical Force,1,No,FIR Registered - Under Investigation,Details limited in public record; case status as per station register.,Fully Synthetic (for ML training / MVP use only - not real incidents)
NGP-SYN-0463,Imambada,Zone VI (Gandhibagh),Imambada,Molestation,High,Female,46-60,Late Night (11 PM-4 AM),Friday,May,2024,Knife/Sharp Weapon,3,No,Case Pending,Case reported to local police station; investigation ongoing.,Fully Synthetic (for ML training / MVP use only - not real incidents)
NGP-SYN-0464,Kalyan Nagar,Zone I,Kalyan Nagar,Mobile Phone Snatching,Low,Female,46-60,Night (7-11 PM),Sunday,July,2025,None,1,Yes,Chargesheet Filed,Victim taken to nearby hospital for treatment.,Fully Synthetic (for ML training / MVP use only - not real incidents)
NGP-SYN-0465,Mominpura,Zone III,Mominpura,Rioting,High,Not Specified,36-45,Afternoon (11 AM-3 PM),Sunday,August,2023,None/Physical Force,1,Yes,FIR Registered - Under Investigation,Reported during routine beat patrolling; preventive action initiated in the locality.,Fully Synthetic (for ML training / MVP use only - not real incidents)
NGP-SYN-0466,Godhni,Zone V,Godhni,Cyber Fraud,Medium,Female,26-35,Afternoon (11 AM-3 PM),Tuesday,July,2026,None,1,No,FIR Registered - Under Investigation,Incident logged in police records; no fatalities reported.,Fully Synthetic (for ML training / MVP use only - not real incidents)
NGP-SYN-0467,Sakkardara,Zone VI (Gandhibagh),Sakkardara,Extortion,Medium,Female,46-60,Night (7-11 PM),Wednesday,August,2025,Knife/Sharp Weapon,4,Yes,FIR Registered - Under Investigation,Complaint filed at nearest police chowki; case under review.,Fully Synthetic (for ML training / MVP use only - not real incidents)
NGP-SYN-0468,Kalmeshwar,Other,Kalmeshwar,Burglary,Medium,Male,46-60,Afternoon (11 AM-3 PM),Sunday,November,2023,Blunt Object,2,No,Under Trial,FIR lodged based on victim complaint; no further public details available.,Fully Synthetic (for ML training / MVP use only - not real incidents)
NGP-SYN-0469,Nandanvan,Zone IV,Nandanvan,NDPS (Narcotics),Medium,Female,18-25,Afternoon (11 AM-3 PM),Tuesday,June,2026,None,1,No,FIR Registered - Under Investigation,CCTV footage under review as part of investigation.,Fully Synthetic (for ML training / MVP use only - not real incidents)
NGP-SYN-0470,Ravi Nagar,Zone II,Ravi Nagar,Chain Snatching,Medium,Male,18-25,Late Night (11 PM-4 AM),Monday,February,2025,Blunt Object,1,Yes,Chargesheet Filed,Case linked to a series of similar incidents in the area.,Fully Synthetic (for ML training / MVP use only - not real incidents)
NGP-SYN-0471,Yashodhara Nagar,Zone V,Yashodhara Nagar,Eve Teasing / Harassment,Low,Not Specified,46-60,Evening (3-7 PM),Tuesday,October,2025,None,1,Yes,Case Closed - Acquitted,CCTV footage under review as part of investigation.,Fully Synthetic (for ML training / MVP use only - not real incidents)
NGP-SYN-0472,Lakadganj,Zone VI (Gandhibagh),Lakadganj,NDPS (Narcotics),Medium,Male,26-35,Morning (7-11 AM),Tuesday,January,2025,None/Physical Force,1,Yes,FIR Registered - Under Investigation,Case registered under relevant sections of BNS; probe underway.,Fully Synthetic (for ML training / MVP use only - not real incidents)
NGP-SYN-0473,Gitti Khadan,Zone III,Gitti Khadan,Kidnapping,High,Male,18-25,Afternoon (11 AM-3 PM),Thursday,December,2024,None/Physical Force,4,No,FIR Registered - Under Investigation,FIR lodged based on victim complaint; no further public details available.,Fully Synthetic (for ML training / MVP use only - not real incidents)
NGP-SYN-0474,Pachpaoli,Zone VI (Gandhibagh),Pachpaoli,Theft,Low,Female,36-45,Night (7-11 PM),Thursday,July,2023,None,1,No,FIR Registered - Under Investigation,CCTV footage under review as part of investigation.,Fully Synthetic (for ML training / MVP use only - not real incidents)
NGP-SYN-0475,Kalyan Nagar,Zone I,Kalyan Nagar,Burglary,Medium,Female,26-35,Night (7-11 PM),Tuesday,July,2026,None,1,Yes,FIR Registered - Under Investigation,CCTV footage under review as part of investigation.,Fully Synthetic (for ML training / MVP use only - not real incidents)
NGP-SYN-0476,Shraddhanand Peth,Zone II,Shraddhanand Peth,Extortion,Medium,Not Specified,Under 18,Late Night (11 PM-4 AM),Monday,January,2024,Knife/Sharp Weapon,2,Yes,Absconding Accused,Local police confirmed the incident; identity of accused not officially disclosed.,Fully Synthetic (for ML training / MVP use only - not real incidents)
NGP-SYN-0477,Nandanvan,Zone IV,Nandanvan,Kidnapping,High,Male,26-35,Late Night (11 PM-4 AM),Saturday,January,2024,Knife/Sharp Weapon,1,Yes,FIR Registered - Under Investigation,Local police confirmed the incident; identity of accused not officially disclosed.,Fully Synthetic (for ML training / MVP use only - not real incidents)
NGP-SYN-0478,Pipla,Zone V,Pipla,Burglary,Medium,Female,Under 18,Early Morning (4-7 AM),Sunday,May,2026,None/Physical Force,1,Yes,FIR Registered - Under Investigation,Neighbourhood watch flagged the incident; forwarded to local police station.,Fully Synthetic (for ML training / MVP use only - not real incidents)
NGP-SYN-0479,Pachpaoli,Zone VI (Gandhibagh),Pachpaoli,Theft,Low,Male,36-45,Early Morning (4-7 AM),Friday,November,2025,None,1,Yes,Under Trial,Accused fled the scene; manhunt launched by local police.,Fully Synthetic (for ML training / MVP use only - not real incidents)
NGP-SYN-0480,Gitti Khadan,Zone III,Gitti Khadan,Fraud,Medium,Female,26-35,Evening (3-7 PM),Saturday,August,2023,Blunt Object,1,No,Chargesheet Filed,Accused fled the scene; manhunt launched by local police.,Fully Synthetic (for ML training / MVP use only - not real incidents)
NGP-SYN-0481,Gandhibagh,Zone III,Gandhibagh,Eve Teasing / Harassment,Low,Not Specified,26-35,Early Morning (4-7 AM),Wednesday,October,2024,None,2,Yes,FIR Registered - Under Investigation,Reported during routine beat patrolling; preventive action initiated in the locality.,Fully Synthetic (for ML training / MVP use only - not real incidents)
NGP-SYN-0482,Itwari,Zone III,Itwari,Motor Vehicle Theft,Medium,Male,26-35,Night (7-11 PM),Friday,May,2025,None/Physical Force,1,No,Case Closed - Convicted,Incident logged in police records; no fatalities reported.,Fully Synthetic (for ML training / MVP use only - not real incidents)
NGP-SYN-0483,Trimurti Nagar,Zone I,Trimurti Nagar,Fatal Road Accident (Rash Driving),High,Male,46-60,Night (7-11 PM),Monday,February,2026,None/Physical Force,1,Yes,Chargesheet Filed,Case reported to local police station; investigation ongoing.,Fully Synthetic (for ML training / MVP use only - not real incidents)
NGP-SYN-0484,Kalyan Nagar,Zone I,Kalyan Nagar,Theft,Low,Male,Under 18,Night (7-11 PM),Friday,May,2024,None,Unknown,Yes,Under Trial,Case registered under relevant sections of BNS; probe underway.,Fully Synthetic (for ML training / MVP use only - not real incidents)
NGP-SYN-0485,Kalyan Nagar,Zone I,Kalyan Nagar,Fraud,Medium,Female,Under 18,Afternoon (11 AM-3 PM),Tuesday,December,2023,None/Physical Force,4,No,FIR Registered - Under Investigation,Details limited in public record; case status as per station register.,Fully Synthetic (for ML training / MVP use only - not real incidents)
NGP-SYN-0486,Bajeria,Zone III,Bajeria,Grievous Hurt,High,Not Specified,18-25,Evening (3-7 PM),Saturday,November,2025,Vehicle,3,Yes,Chargesheet Filed,Neighbourhood watch flagged the incident; forwarded to local police station.,Fully Synthetic (for ML training / MVP use only - not real incidents)
NGP-SYN-0487,Ramdaspeth,Zone II,Ramdaspeth,Cyber Fraud,Medium,Male,46-60,Evening (3-7 PM),Friday,July,2024,Knife/Sharp Weapon,2,Yes,Under Trial,Local police confirmed the incident; identity of accused not officially disclosed.,Fully Synthetic (for ML training / MVP use only - not real incidents)
NGP-SYN-0488,Manish Nagar,Zone IV,Manish Nagar,Mobile Phone Snatching,Low,Male,46-60,Late Night (11 PM-4 AM),Sunday,March,2025,None,1,Yes,FIR Registered - Under Investigation,Victim taken to nearby hospital for treatment.,Fully Synthetic (for ML training / MVP use only - not real incidents)
NGP-SYN-0489,Ramdaspeth,Zone II,Ramdaspeth,Human Trafficking,High,Female,46-60,Night (7-11 PM),Wednesday,February,2025,None/Physical Force,1,No,Chargesheet Filed,CCTV footage under review as part of investigation.,Fully Synthetic (for ML training / MVP use only - not real incidents)
NGP-SYN-0490,Jaripatka,Zone V,Jaripatka,Assault,Medium,Male,60+,Late Night (11 PM-4 AM),Saturday,June,2024,None,Unknown,Yes,Chargesheet Filed,Accused fled the scene; manhunt launched by local police.,Fully Synthetic (for ML training / MVP use only - not real incidents)
NGP-SYN-0491,Kotwali,Zone VI (Gandhibagh),Kotwali,Burglary,Medium,Not Specified,26-35,Evening (3-7 PM),Thursday,September,2026,Blunt Object,1,No,Case Pending,Case reported to local police station; investigation ongoing.,Fully Synthetic (for ML training / MVP use only - not real incidents)
NGP-SYN-0492,Lakadganj,Zone VI (Gandhibagh),Lakadganj,Eve Teasing / Harassment,Low,Female,18-25,Late Night (11 PM-4 AM),Sunday,June,2024,None,2,Yes,Chargesheet Filed,Case linked to a series of similar incidents in the area.,Fully Synthetic (for ML training / MVP use only - not real incidents)
NGP-SYN-0493,Hingna,Zone I,Hingna,Chain Snatching,Medium,Male,26-35,Night (7-11 PM),Tuesday,September,2023,None/Physical Force,Unknown,No,Case Closed - Convicted,Case linked to a series of similar incidents in the area.,Fully Synthetic (for ML training / MVP use only - not real incidents)
NGP-SYN-0494,Bajaj Nagar,Zone I,Bajaj Nagar,Burglary,Medium,Male,Under 18,Evening (3-7 PM),Sunday,August,2025,None,1,Yes,FIR Registered - Under Investigation,CCTV footage under review as part of investigation.,Fully Synthetic (for ML training / MVP use only - not real incidents)
NGP-SYN-0495,Dharampeth,Zone II,Dharampeth,Rioting,High,Male,26-35,Afternoon (11 AM-3 PM),Monday,September,2025,None/Physical Force,1,Yes,Under Trial,Case registered under relevant sections of BNS; probe underway.,Fully Synthetic (for ML training / MVP use only - not real incidents)
NGP-SYN-0496,Pardi,Zone V,Pardi,Theft,Low,Male,26-35,Late Night (11 PM-4 AM),Friday,March,2026,None,1,Yes,Case Closed - Convicted,Incident logged in police records; no fatalities reported.,Fully Synthetic (for ML training / MVP use only - not real incidents)
NGP-SYN-0497,Tehsil,Zone VI (Gandhibagh),Tehsil,Chain Snatching,Medium,Male,18-25,Evening (3-7 PM),Wednesday,September,2024,Knife/Sharp Weapon,1,Yes,Case Closed - Convicted,Neighbourhood watch flagged the incident; forwarded to local police station.,Fully Synthetic (for ML training / MVP use only - not real incidents)
NGP-SYN-0498,Imambada,Zone VI (Gandhibagh),Imambada,Molestation,High,Female,36-45,Late Night (11 PM-4 AM),Wednesday,October,2025,None/Physical Force,1,Yes,Chargesheet Filed,FIR lodged based on victim complaint; no further public details available.,Fully Synthetic (for ML training / MVP use only - not real incidents)
NGP-SYN-0499,Lakadganj,Zone VI (Gandhibagh),Lakadganj,Theft,Low,Male,26-35,Morning (7-11 AM),Thursday,December,2024,None,2,No,FIR Registered - Under Investigation,Incident logged in police records; no fatalities reported.,Fully Synthetic (for ML training / MVP use only - not real incidents)
NGP-SYN-0500,Hingna,Zone I,Hingna,Chain Snatching,Medium,Male,26-35,Morning (7-11 AM),Monday,September,2025,None/Physical Force,1,Yes,Absconding Accused,Complaint filed at nearest police chowki; case under review.,Fully Synthetic (for ML training / MVP use only - not real incidents)
NGP-SYN-0501,Hudkeshwar,Zone IV,Hudkeshwar,Theft,Low,Female,26-35,Afternoon (11 AM-3 PM),Wednesday,January,2026,None,Unknown,Yes,FIR Registered - Under Investigation,Case reported to local police station; investigation ongoing.,Fully Synthetic (for ML training / MVP use only - not real incidents)
NGP-SYN-0502,Sitabuldi,Zone III,Sitabuldi,Mobile Phone Snatching,Low,Male,Under 18,Morning (7-11 AM),Wednesday,August,2025,None,1,Yes,Under Trial,Case linked to a series of similar incidents in the area.,Fully Synthetic (for ML training / MVP use only - not real incidents)
NGP-SYN-0503,Wardhaman Nagar,Zone IV,Wardhaman Nagar,Burglary,Medium,Male,60+,Evening (3-7 PM),Monday,August,2024,None,2,Yes,Case Closed - Convicted,Complaint filed at nearest police chowki; case under review.,Fully Synthetic (for ML training / MVP use only - not real incidents)
NGP-SYN-0504,Pardi,Zone V,Pardi,Motor Vehicle Theft,Medium,Male,26-35,Night (7-11 PM),Friday,November,2026,Knife/Sharp Weapon,1,Yes,FIR Registered - Under Investigation,Local police confirmed the incident; identity of accused not officially disclosed.,Fully Synthetic (for ML training / MVP use only - not real incidents)
NGP-SYN-0505,Ramdaspeth,Zone II,Ramdaspeth,Cyber Fraud,Medium,Not Specified,18-25,Evening (3-7 PM),Thursday,October,2025,None/Physical Force,2,No,Chargesheet Filed,Details limited in public record; case status as per station register.,Fully Synthetic (for ML training / MVP use only - not real incidents)
NGP-SYN-0506,Besa,Zone V,Besa,Motor Vehicle Theft,Medium,Not Specified,18-25,Night (7-11 PM),Tuesday,January,2026,None/Physical Force,3,No,Under Trial,Reported during routine beat patrolling; preventive action initiated in the locality.,Fully Synthetic (for ML training / MVP use only - not real incidents)
NGP-SYN-0507,Sadar,Zone II,Sadar,Eve Teasing / Harassment,Low,Female,18-25,Late Night (11 PM-4 AM),Friday,December,2025,None,2,No,Under Trial,Details limited in public record; case status as per station register.,Fully Synthetic (for ML training / MVP use only - not real incidents)
NGP-SYN-0508,Hawrapeth,Other,Hawrapeth,Theft,Low,Male,46-60,Evening (3-7 PM),Sunday,September,2024,None,1,No,FIR Registered - Under Investigation,Local police confirmed the incident; identity of accused not officially disclosed.,Fully Synthetic (for ML training / MVP use only - not real incidents)
NGP-SYN-0509,Ajni,Zone IV,Ajni,Burglary,Medium,Male,46-60,Morning (7-11 AM),Monday,December,2025,None,1,Yes,Under Trial,Reported during routine beat patrolling; preventive action initiated in the locality.,Fully Synthetic (for ML training / MVP use only - not real incidents)
NGP-SYN-0510,Sitabuldi,Zone III,Sitabuldi,Theft,Low,Not Specified,46-60,Late Night (11 PM-4 AM),Tuesday,February,2023,None,1,No,Case Closed - Convicted,Incident reported by area residents; police patrol increased subsequently.,Fully Synthetic (for ML training / MVP use only - not real incidents)
NGP-SYN-0511,Mankapur,Other,Mankapur,Theft,Low,Male,18-25,Late Night (11 PM-4 AM),Sunday,June,2026,None,1,No,Case Closed - Acquitted,Incident reported by area residents; police patrol increased subsequently.,Fully Synthetic (for ML training / MVP use only - not real incidents)
NGP-SYN-0512,Lakadganj,Zone VI (Gandhibagh),Lakadganj,Grievous Hurt,High,Not Specified,46-60,Evening (3-7 PM),Tuesday,June,2023,Vehicle,1,Yes,Case Closed - Convicted,Case registered under relevant sections of BNS; probe underway.,Fully Synthetic (for ML training / MVP use only - not real incidents)
NGP-SYN-0513,Giripeth,Zone II,Giripeth,Attempted Murder,High,Male,18-25,Late Night (11 PM-4 AM),Thursday,November,2026,Firearm,1,No,Under Trial,Victim taken to nearby hospital for treatment.,Fully Synthetic (for ML training / MVP use only - not real incidents)
NGP-SYN-0514,Gaddi Godam,Zone III,Gaddi Godam,Theft,Low,Male,Under 18,Morning (7-11 AM),Tuesday,February,2025,None,1,Yes,FIR Registered - Under Investigation,Case registered under relevant sections of BNS; probe underway.,Fully Synthetic (for ML training / MVP use only - not real incidents)
NGP-SYN-0515,Ganeshpeth,Zone VI (Gandhibagh),Ganeshpeth,Fatal Road Accident (Rash Driving),High,Male,26-35,Early Morning (4-7 AM),Sunday,June,2024,Knife/Sharp Weapon,2,Yes,Case Closed - Convicted,Incident logged in police records; no fatalities reported.,Fully Synthetic (for ML training / MVP use only - not real incidents)
NGP-SYN-0516,Ajni,Zone IV,Ajni,Theft,Low,Male,18-25,Evening (3-7 PM),Tuesday,May,2024,None,3,No,FIR Registered - Under Investigation,Case linked to a series of similar incidents in the area.,Fully Synthetic (for ML training / MVP use only - not real incidents)
NGP-SYN-0517,Yashodhara Nagar,Zone V,Yashodhara Nagar,Burglary,Medium,Male,26-35,Evening (3-7 PM),Tuesday,February,2024,None,2,No,FIR Registered - Under Investigation,Neighbourhood watch flagged the incident; forwarded to local police station.,Fully Synthetic (for ML training / MVP use only - not real incidents)
NGP-SYN-0518,Sadar,Zone II,Sadar,Cyber Fraud,Medium,Female,46-60,Late Night (11 PM-4 AM),Saturday,November,2023,Knife/Sharp Weapon,1,Yes,Chargesheet Filed,Accused fled the scene; manhunt launched by local police.,Fully Synthetic (for ML training / MVP use only - not real incidents)
NGP-SYN-0519,Friends Colony,Zone IV,Friends Colony,Chain Snatching,Medium,Female,26-35,Afternoon (11 AM-3 PM),Thursday,October,2026,None,1,No,FIR Registered - Under Investigation,Details limited in public record; case status as per station register.,Fully Synthetic (for ML training / MVP use only - not real incidents)
NGP-SYN-0520,Mahal,Zone VI (Gandhibagh),Mahal,Fatal Road Accident (Rash Driving),High,Female,46-60,Night (7-11 PM),Sunday,June,2026,Blunt Object,3,Yes,Under Trial,Case linked to a series of similar incidents in the area.,Fully Synthetic (for ML training / MVP use only - not real incidents)
NGP-SYN-0521,Wardhaman Nagar,Zone IV,Wardhaman Nagar,Cyber Fraud,Medium,Male,36-45,Night (7-11 PM),Wednesday,April,2026,None/Physical Force,1,Yes,FIR Registered - Under Investigation,Complaint filed at nearest police chowki; case under review.,Fully Synthetic (for ML training / MVP use only - not real incidents)
NGP-SYN-0522,Ganeshpeth,Zone VI (Gandhibagh),Ganeshpeth,Grievous Hurt,High,Female,18-25,Evening (3-7 PM),Thursday,December,2023,Firearm,1,No,Chargesheet Filed,Victim taken to nearby hospital for treatment.,Fully Synthetic (for ML training / MVP use only - not real incidents)
NGP-SYN-0523,Wardhaman Nagar,Zone IV,Wardhaman Nagar,House Break-in,Medium,Male,36-45,Afternoon (11 AM-3 PM),Saturday,August,2024,None,2,Yes,Chargesheet Filed,Incident logged in police records; no fatalities reported.,Fully Synthetic (for ML training / MVP use only - not real incidents)
NGP-SYN-0524,Mahal,Zone VI (Gandhibagh),Mahal,Cyber Fraud,Medium,Male,18-25,Early Morning (4-7 AM),Thursday,May,2024,None/Physical Force,1,Yes,Absconding Accused,Neighbourhood watch flagged the incident; forwarded to local police station.,Fully Synthetic (for ML training / MVP use only - not real incidents)
NGP-SYN-0525,Ravi Nagar,Zone II,Ravi Nagar,Domestic Violence / Cruelty by Relatives,Medium,Female,26-35,Night (7-11 PM),Saturday,June,2023,Knife/Sharp Weapon,1,Yes,Chargesheet Filed,Complaint filed at nearest police chowki; case under review.,Fully Synthetic (for ML training / MVP use only - not real incidents)
NGP-SYN-0526,Trimurti Nagar,Zone I,Trimurti Nagar,Cyber Fraud,Medium,Male,60+,Evening (3-7 PM),Saturday,August,2023,Knife/Sharp Weapon,1,No,FIR Registered - Under Investigation,Reported during routine beat patrolling; preventive action initiated in the locality.,Fully Synthetic (for ML training / MVP use only - not real incidents)
NGP-SYN-0527,Ashok Nagar,Other,Ashok Nagar,Domestic Violence / Cruelty by Relatives,Medium,Not Specified,18-25,Early Morning (4-7 AM),Sunday,November,2025,Knife/Sharp Weapon,1,Yes,Case Closed - Acquitted,FIR lodged based on victim complaint; no further public details available.,Fully Synthetic (for ML training / MVP use only - not real incidents)
NGP-SYN-0528,Sitabuldi,Zone III,Sitabuldi,Assault,Medium,Male,46-60,Evening (3-7 PM),Tuesday,December,2024,Knife/Sharp Weapon,2,Yes,Chargesheet Filed,Local police confirmed the incident; identity of accused not officially disclosed.,Fully Synthetic (for ML training / MVP use only - not real incidents)
NGP-SYN-0529,Friends Colony,Zone IV,Friends Colony,Fraud,Medium,Female,60+,Late Night (11 PM-4 AM),Sunday,October,2026,None,2,Yes,FIR Registered - Under Investigation,Case reported to local police station; investigation ongoing.,Fully Synthetic (for ML training / MVP use only - not real incidents)
NGP-SYN-0530,Tehsil,Zone VI (Gandhibagh),Tehsil,Assault,Medium,Female,36-45,Afternoon (11 AM-3 PM),Wednesday,April,2023,Blunt Object,2,No,Chargesheet Filed,Incident logged in police records; no fatalities reported.,Fully Synthetic (for ML training / MVP use only - not real incidents)
NGP-SYN-0531,Lakadganj,Zone VI (Gandhibagh),Lakadganj,Burglary,Medium,Female,36-45,Late Night (11 PM-4 AM),Saturday,March,2025,Blunt Object,1,No,FIR Registered - Under Investigation,Case registered under relevant sections of BNS; probe underway.,Fully Synthetic (for ML training / MVP use only - not real incidents)
NGP-SYN-0532,Mangalwari,Zone III,Mangalwari,Theft,Low,Male,18-25,Night (7-11 PM),Monday,March,2026,None,2,Yes,FIR Registered - Under Investigation,Local police confirmed the incident; identity of accused not officially disclosed.,Fully Synthetic (for ML training / MVP use only - not real incidents)
NGP-SYN-0533,Beltarodi,Zone IV,Beltarodi,Burglary,Medium,Not Specified,36-45,Evening (3-7 PM),Sunday,April,2024,None/Physical Force,1,Yes,FIR Registered - Under Investigation,Complaint filed at nearest police chowki; case under review.,Fully Synthetic (for ML training / MVP use only - not real incidents)
NGP-SYN-0534,Imambada,Zone VI (Gandhibagh),Imambada,Domestic Violence / Cruelty by Relatives,Medium,Female,46-60,Early Morning (4-7 AM),Wednesday,November,2024,Knife/Sharp Weapon,1,Yes,FIR Registered - Under Investigation,Reported during routine beat patrolling; preventive action initiated in the locality.,Fully Synthetic (for ML training / MVP use only - not real incidents)
NGP-SYN-0535,Kapil Nagar,Zone V,Kapil Nagar,Burglary,Medium,Female,26-35,Afternoon (11 AM-3 PM),Friday,May,2026,None/Physical Force,1,Yes,Chargesheet Filed,Incident reported by area residents; police patrol increased subsequently.,Fully Synthetic (for ML training / MVP use only - not real incidents)
NGP-SYN-0536,Gandhibagh,Zone III,Gandhibagh,Theft,Low,Male,46-60,Late Night (11 PM-4 AM),Friday,March,2025,None,1,No,FIR Registered - Under Investigation,CCTV footage under review as part of investigation.,Fully Synthetic (for ML training / MVP use only - not real incidents)
NGP-SYN-0537,Mahal,Zone VI (Gandhibagh),Mahal,Cyber Fraud,Medium,Male,18-25,Night (7-11 PM),Monday,January,2025,None,2,Yes,FIR Registered - Under Investigation,Local police confirmed the incident; identity of accused not officially disclosed.,Fully Synthetic (for ML training / MVP use only - not real incidents)
NGP-SYN-0538,Giripeth,Zone II,Giripeth,Cyber Fraud,Medium,Male,18-25,Night (7-11 PM),Thursday,June,2024,None,1,No,FIR Registered - Under Investigation,FIR lodged based on victim complaint; no further public details available.,Fully Synthetic (for ML training / MVP use only - not real incidents)
NGP-SYN-0539,Rajendra Nagar,Other,Rajendra Nagar,Motor Vehicle Theft,Medium,Male,46-60,Late Night (11 PM-4 AM),Saturday,February,2025,Blunt Object,Unknown,Yes,FIR Registered - Under Investigation,Case linked to a series of similar incidents in the area.,Fully Synthetic (for ML training / MVP use only - not real incidents)
NGP-SYN-0540,Hawrapeth,Other,Hawrapeth,Mobile Phone Snatching,Low,Female,18-25,Late Night (11 PM-4 AM),Sunday,February,2023,None,Unknown,Yes,Chargesheet Filed,Neighbourhood watch flagged the incident; forwarded to local police station.,Fully Synthetic (for ML training / MVP use only - not real incidents)
NGP-SYN-0541,Suyog Nagar,Other,Suyog Nagar,Motor Vehicle Theft,Medium,Female,26-35,Afternoon (11 AM-3 PM),Sunday,April,2023,None/Physical Force,1,Yes,FIR Registered - Under Investigation,Reported during routine beat patrolling; preventive action initiated in the locality.,Fully Synthetic (for ML training / MVP use only - not real incidents)
NGP-SYN-0542,MIDC,Zone I,MIDC,Cybercrime (OTP/Loan App Fraud),Medium,Not Specified,36-45,Night (7-11 PM),Friday,August,2026,Blunt Object,1,No,FIR Registered - Under Investigation,CCTV footage under review as part of investigation.,Fully Synthetic (for ML training / MVP use only - not real incidents)
NGP-SYN-0543,Khapri,Zone V,Khapri,Theft,Low,Not Specified,18-25,Early Morning (4-7 AM),Monday,March,2024,None,2,Yes,Under Trial,CCTV footage under review as part of investigation.,Fully Synthetic (for ML training / MVP use only - not real incidents)
NGP-SYN-0544,Beltarodi,Zone IV,Beltarodi,Theft,Low,Male,36-45,Evening (3-7 PM),Sunday,December,2025,None,1,Yes,Chargesheet Filed,Case reported to local police station; investigation ongoing.,Fully Synthetic (for ML training / MVP use only - not real incidents)
NGP-SYN-0545,Civil Lines,Zone II,Civil Lines,Gambling,Low,Not Specified,46-60,Evening (3-7 PM),Thursday,February,2023,None,1,Yes,FIR Registered - Under Investigation,CCTV footage under review as part of investigation.,Fully Synthetic (for ML training / MVP use only - not real incidents)
NGP-SYN-0546,Besa,Zone V,Besa,Rape,High,Female,Under 18,Afternoon (11 AM-3 PM),Thursday,January,2024,Blunt Object,Unknown,Yes,FIR Registered - Under Investigation,Incident reported by area residents; police patrol increased subsequently.,Fully Synthetic (for ML training / MVP use only - not real incidents)
NGP-SYN-0547,Sakkardara,Zone VI (Gandhibagh),Sakkardara,Cyber Fraud,Medium,Female,36-45,Afternoon (11 AM-3 PM),Sunday,August,2025,Blunt Object,1,Yes,FIR Registered - Under Investigation,Incident logged in police records; no fatalities reported.,Fully Synthetic (for ML training / MVP use only - not real incidents)
NGP-SYN-0548,Gandhinagar,Other,Gandhinagar,Drug Trafficking,High,Male,26-35,Night (7-11 PM),Friday,November,2025,Firearm,2,No,Under Trial,Victim taken to nearby hospital for treatment.,Fully Synthetic (for ML training / MVP use only - not real incidents)
NGP-SYN-0549,Mahal,Zone VI (Gandhibagh),Mahal,Chain Snatching,Medium,Female,26-35,Night (7-11 PM),Saturday,July,2023,None,1,Yes,Case Closed - Convicted,Complaint filed at nearest police chowki; case under review.,Fully Synthetic (for ML training / MVP use only - not real incidents)
NGP-SYN-0550,Jaripatka,Zone V,Jaripatka,Fraud,Medium,Male,26-35,Evening (3-7 PM),Thursday,February,2024,None/Physical Force,2,Yes,Chargesheet Filed,Incident logged in police records; no fatalities reported.,Fully Synthetic (for ML training / MVP use only - not real incidents)
NGP-SYN-0551,Shraddhanand Peth,Zone II,Shraddhanand Peth,House Break-in,Medium,Male,Under 18,Morning (7-11 AM),Tuesday,January,2025,Knife/Sharp Weapon,1,Yes,Under Trial,Case linked to a series of similar incidents in the area.,Fully Synthetic (for ML training / MVP use only - not real incidents)
NGP-SYN-0552,Vayusena Nagar,Other,Vayusena Nagar,Drug Trafficking,High,Female,18-25,Evening (3-7 PM),Saturday,December,2025,Blunt Object,1,Yes,FIR Registered - Under Investigation,Victim taken to nearby hospital for treatment.,Fully Synthetic (for ML training / MVP use only - not real incidents)
NGP-SYN-0553,Sakkardara,Zone VI (Gandhibagh),Sakkardara,Theft,Low,Male,26-35,Night (7-11 PM),Tuesday,October,2026,None,1,Yes,Under Trial,FIR lodged based on victim complaint; no further public details available.,Fully Synthetic (for ML training / MVP use only - not real incidents)
NGP-SYN-0554,Yashodhara Nagar,Zone V,Yashodhara Nagar,Motor Vehicle Theft,Medium,Not Specified,26-35,Afternoon (11 AM-3 PM),Saturday,March,2025,Knife/Sharp Weapon,Unknown,Yes,FIR Registered - Under Investigation,Accused fled the scene; manhunt launched by local police.,Fully Synthetic (for ML training / MVP use only - not real incidents)
NGP-SYN-0555,Sonegaon,Zone I,Sonegaon,Domestic Violence / Cruelty by Relatives,Medium,Not Specified,18-25,Early Morning (4-7 AM),Thursday,January,2024,Blunt Object,1,Yes,Case Closed - Acquitted,FIR lodged based on victim complaint; no further public details available.,Fully Synthetic (for ML training / MVP use only - not real incidents)
NGP-SYN-0556,Besa,Zone V,Besa,Human Trafficking,High,Male,46-60,Afternoon (11 AM-3 PM),Wednesday,May,2025,Blunt Object,Unknown,Yes,Chargesheet Filed,Accused fled the scene; manhunt launched by local police.,Fully Synthetic (for ML training / MVP use only - not real incidents)
NGP-SYN-0557,Dharampeth,Zone II,Dharampeth,Chain Snatching,Medium,Female,36-45,Late Night (11 PM-4 AM),Sunday,July,2026,Blunt Object,1,No,Chargesheet Filed,Incident logged in police records; no fatalities reported.,Fully Synthetic (for ML training / MVP use only - not real incidents)
NGP-SYN-0558,Trimurti Nagar,Zone I,Trimurti Nagar,House Break-in,Medium,Male,46-60,Morning (7-11 AM),Sunday,May,2024,Knife/Sharp Weapon,Unknown,Yes,Under Trial,Incident reported by area residents; police patrol increased subsequently.,Fully Synthetic (for ML training / MVP use only - not real incidents)
NGP-SYN-0559,Suyog Nagar,Other,Suyog Nagar,Cybercrime (OTP/Loan App Fraud),Medium,Not Specified,18-25,Night (7-11 PM),Wednesday,September,2026,Blunt Object,3,Yes,Case Closed - Acquitted,Case reported to local police station; investigation ongoing.,Fully Synthetic (for ML training / MVP use only - not real incidents)
NGP-SYN-0560,Gandhibagh,Zone III,Gandhibagh,Chain Snatching,Medium,Female,18-25,Morning (7-11 AM),Sunday,May,2024,None,2,No,Chargesheet Filed,Local police confirmed the incident; identity of accused not officially disclosed.,Fully Synthetic (for ML training / MVP use only - not real incidents)
NGP-SYN-0561,MIDC,Zone I,MIDC,Molestation,High,Not Specified,18-25,Early Morning (4-7 AM),Friday,November,2023,Blunt Object,1,Yes,Under Trial,Case linked to a series of similar incidents in the area.,Fully Synthetic (for ML training / MVP use only - not real incidents)
NGP-SYN-0562,Gandhinagar,Other,Gandhinagar,Cybercrime (OTP/Loan App Fraud),Medium,Female,60+,Early Morning (4-7 AM),Saturday,July,2026,Knife/Sharp Weapon,Unknown,Yes,Case Pending,Victim taken to nearby hospital for treatment.,Fully Synthetic (for ML training / MVP use only - not real incidents)
NGP-SYN-0563,Pratap Nagar,Zone I,Pratap Nagar,Burglary,Medium,Not Specified,36-45,Night (7-11 PM),Sunday,April,2025,Knife/Sharp Weapon,1,Yes,FIR Registered - Under Investigation,Case reported to local police station; investigation ongoing.,Fully Synthetic (for ML training / MVP use only - not real incidents)
NGP-SYN-0564,Kotwali,Zone VI (Gandhibagh),Kotwali,Robbery,High,Female,18-25,Late Night (11 PM-4 AM),Friday,September,2026,Knife/Sharp Weapon,4,Yes,Under Trial,Local police confirmed the incident; identity of accused not officially disclosed.,Fully Synthetic (for ML training / MVP use only - not real incidents)
NGP-SYN-0565,Sadar,Zone II,Sadar,Theft,Low,Male,26-35,Evening (3-7 PM),Thursday,October,2025,None,4,Yes,Case Closed - Convicted,Incident reported by area residents; police patrol increased subsequently.,Fully Synthetic (for ML training / MVP use only - not real incidents)
NGP-SYN-0566,Bajeria,Zone III,Bajeria,Theft,Low,Male,36-45,Night (7-11 PM),Monday,December,2026,None,3,Yes,Chargesheet Filed,Neighbourhood watch flagged the incident; forwarded to local police station.,Fully Synthetic (for ML training / MVP use only - not real incidents)
NGP-SYN-0567,Shraddhanand Peth,Zone II,Shraddhanand Peth,Motor Vehicle Theft,Medium,Male,18-25,Evening (3-7 PM),Thursday,May,2023,Blunt Object,2,Yes,Chargesheet Filed,Incident reported by area residents; police patrol increased subsequently.,Fully Synthetic (for ML training / MVP use only - not real incidents)
NGP-SYN-0568,Gokulpeth,Other,Gokulpeth,Motor Vehicle Theft,Medium,Not Specified,46-60,Evening (3-7 PM),Friday,November,2025,None/Physical Force,1,Yes,Under Trial,Case linked to a series of similar incidents in the area.,Fully Synthetic (for ML training / MVP use only - not real incidents)
NGP-SYN-0569,Mangalwari,Zone III,Mangalwari,Theft,Low,Female,18-25,Early Morning (4-7 AM),Wednesday,May,2026,None,3,Yes,Under Trial,Case reported to local police station; investigation ongoing.,Fully Synthetic (for ML training / MVP use only - not real incidents)
NGP-SYN-0570,Mangalwari,Zone III,Mangalwari,Molestation,High,Female,46-60,Night (7-11 PM),Wednesday,June,2026,None/Physical Force,1,No,Chargesheet Filed,Reported during routine beat patrolling; preventive action initiated in the locality.,Fully Synthetic (for ML training / MVP use only - not real incidents)
NGP-SYN-0571,Sonegaon,Zone I,Sonegaon,Burglary,Medium,Not Specified,46-60,Evening (3-7 PM),Sunday,February,2023,Knife/Sharp Weapon,1,Yes,Chargesheet Filed,Case linked to a series of similar incidents in the area.,Fully Synthetic (for ML training / MVP use only - not real incidents)
NGP-SYN-0572,Ajni,Zone IV,Ajni,Chain Snatching,Medium,Female,26-35,Late Night (11 PM-4 AM),Tuesday,February,2025,Blunt Object,1,Yes,Chargesheet Filed,Case registered under relevant sections of BNS; probe underway.,Fully Synthetic (for ML training / MVP use only - not real incidents)
NGP-SYN-0573,Mahal,Zone VI (Gandhibagh),Mahal,Grievous Hurt,High,Male,Under 18,Early Morning (4-7 AM),Friday,July,2026,Knife/Sharp Weapon,4,Yes,Under Trial,Victim taken to nearby hospital for treatment.,Fully Synthetic (for ML training / MVP use only - not real incidents)
NGP-SYN-0574,Ashok Nagar,Other,Ashok Nagar,Human Trafficking,High,Male,Under 18,Late Night (11 PM-4 AM),Sunday,December,2024,Knife/Sharp Weapon,1,No,Under Trial,Incident logged in police records; no fatalities reported.,Fully Synthetic (for ML training / MVP use only - not real incidents)
NGP-SYN-0575,Ravi Nagar,Zone II,Ravi Nagar,Motor Vehicle Theft,Medium,Not Specified,26-35,Evening (3-7 PM),Saturday,December,2023,Knife/Sharp Weapon,2,Yes,Case Pending,Incident logged in police records; no fatalities reported.,Fully Synthetic (for ML training / MVP use only - not real incidents)
NGP-SYN-0576,Wardhaman Nagar,Zone IV,Wardhaman Nagar,Theft,Low,Female,60+,Evening (3-7 PM),Monday,February,2023,None,1,Yes,FIR Registered - Under Investigation,Details limited in public record; case status as per station register.,Fully Synthetic (for ML training / MVP use only - not real incidents)
NGP-SYN-0577,Pachpaoli,Zone VI (Gandhibagh),Pachpaoli,Assault,Medium,Female,46-60,Late Night (11 PM-4 AM),Wednesday,September,2025,None,Unknown,No,Case Closed - Convicted,Incident logged in police records; no fatalities reported.,Fully Synthetic (for ML training / MVP use only - not real incidents)
NGP-SYN-0578,Bhandewadi,Other,Bhandewadi,Domestic Violence / Cruelty by Relatives,Medium,Female,26-35,Evening (3-7 PM),Sunday,November,2026,Blunt Object,1,No,Case Closed - Convicted,Case registered under relevant sections of BNS; probe underway.,Fully Synthetic (for ML training / MVP use only - not real incidents)
NGP-SYN-0579,Trimurti Nagar,Zone I,Trimurti Nagar,Mobile Phone Snatching,Low,Male,Under 18,Afternoon (11 AM-3 PM),Thursday,September,2025,None,3,No,Chargesheet Filed,Details limited in public record; case status as per station register.,Fully Synthetic (for ML training / MVP use only - not real incidents)
NGP-SYN-0580,Lakadganj,Zone VI (Gandhibagh),Lakadganj,Robbery,High,Female,46-60,Evening (3-7 PM),Wednesday,October,2025,None/Physical Force,2,Yes,FIR Registered - Under Investigation,Incident reported by area residents; police patrol increased subsequently.,Fully Synthetic (for ML training / MVP use only - not real incidents)
NGP-SYN-0581,Ganeshpeth,Zone VI (Gandhibagh),Ganeshpeth,Theft,Low,Male,26-35,Afternoon (11 AM-3 PM),Thursday,June,2025,None,Unknown,No,Chargesheet Filed,Details limited in public record; case status as per station register.,Fully Synthetic (for ML training / MVP use only - not real incidents)
NGP-SYN-0582,Mangalwari,Zone III,Mangalwari,Murder,High,Male,46-60,Morning (7-11 AM),Thursday,February,2026,Firearm,1,No,Case Closed - Convicted,Neighbourhood watch flagged the incident; forwarded to local police station.,Fully Synthetic (for ML training / MVP use only - not real incidents)
NGP-SYN-0583,Yashodhara Nagar,Zone V,Yashodhara Nagar,Mobile Phone Snatching,Low,Male,60+,Evening (3-7 PM),Monday,January,2024,None,2,Yes,Case Pending,Neighbourhood watch flagged the incident; forwarded to local police station.,Fully Synthetic (for ML training / MVP use only - not real incidents)
NGP-SYN-0584,Jaripatka,Zone V,Jaripatka,House Break-in,Medium,Not Specified,46-60,Afternoon (11 AM-3 PM),Wednesday,May,2023,None/Physical Force,2,Yes,Chargesheet Filed,Case reported to local police station; investigation ongoing.,Fully Synthetic (for ML training / MVP use only - not real incidents)
NGP-SYN-0585,Ganeshpeth,Zone VI (Gandhibagh),Ganeshpeth,Mobile Phone Snatching,Low,Male,26-35,Night (7-11 PM),Saturday,February,2023,None,2,No,Chargesheet Filed,Victim taken to nearby hospital for treatment.,Fully Synthetic (for ML training / MVP use only - not real incidents)
NGP-SYN-0586,Ravi Nagar,Zone II,Ravi Nagar,Illegal Liquor Trade,Low,Not Specified,46-60,Late Night (11 PM-4 AM),Sunday,November,2025,None,2,Yes,Case Pending,Case linked to a series of similar incidents in the area.,Fully Synthetic (for ML training / MVP use only - not real incidents)
NGP-SYN-0587,Byramji Town,Other,Byramji Town,Robbery,High,Male,Under 18,Late Night (11 PM-4 AM),Wednesday,August,2023,Vehicle,4,Yes,Under Trial,Incident reported by area residents; police patrol increased subsequently.,Fully Synthetic (for ML training / MVP use only - not real incidents)
NGP-SYN-0588,Sadar,Zone II,Sadar,Burglary,Medium,Male,26-35,Late Night (11 PM-4 AM),Saturday,November,2026,Blunt Object,Unknown,No,FIR Registered - Under Investigation,Incident reported by area residents; police patrol increased subsequently.,Fully Synthetic (for ML training / MVP use only - not real incidents)
NGP-SYN-0589,Rajendra Nagar,Other,Rajendra Nagar,Theft,Low,Female,26-35,Early Morning (4-7 AM),Tuesday,August,2023,None,1,Yes,FIR Registered - Under Investigation,FIR lodged based on victim complaint; no further public details available.,Fully Synthetic (for ML training / MVP use only - not real incidents)
NGP-SYN-0590,Subhash Nagar,Zone I,Subhash Nagar,Mobile Phone Snatching,Low,Not Specified,18-25,Late Night (11 PM-4 AM),Thursday,July,2026,None,1,Yes,Case Pending,Accused fled the scene; manhunt launched by local police.,Fully Synthetic (for ML training / MVP use only - not real incidents)
NGP-SYN-0591,Yashodhara Nagar,Zone V,Yashodhara Nagar,Cyber Fraud,Medium,Male,46-60,Evening (3-7 PM),Sunday,June,2024,None/Physical Force,2,Yes,FIR Registered - Under Investigation,Incident reported by area residents; police patrol increased subsequently.,Fully Synthetic (for ML training / MVP use only - not real incidents)
NGP-SYN-0592,Manish Nagar,Zone IV,Manish Nagar,Motor Vehicle Theft,Medium,Male,26-35,Night (7-11 PM),Friday,February,2024,Blunt Object,1,Yes,Absconding Accused,Neighbourhood watch flagged the incident; forwarded to local police station.,Fully Synthetic (for ML training / MVP use only - not real incidents)
NGP-SYN-0593,Seminary Hills,Other,Seminary Hills,Robbery,High,Male,46-60,Evening (3-7 PM),Saturday,September,2025,None/Physical Force,1,No,Case Closed - Convicted,Victim taken to nearby hospital for treatment.,Fully Synthetic (for ML training / MVP use only - not real incidents)
NGP-SYN-0594,Gandhibagh,Zone III,Gandhibagh,House Break-in,Medium,Male,26-35,Afternoon (11 AM-3 PM),Thursday,November,2026,None,2,Yes,Case Closed - Acquitted,Case reported to local police station; investigation ongoing.,Fully Synthetic (for ML training / MVP use only - not real incidents)
NGP-SYN-0595,Sadar,Zone II,Sadar,Fraud,Medium,Not Specified,18-25,Late Night (11 PM-4 AM),Saturday,June,2026,Knife/Sharp Weapon,Unknown,Yes,Chargesheet Filed,Details limited in public record; case status as per station register.,Fully Synthetic (for ML training / MVP use only - not real incidents)
NGP-SYN-0596,Pratap Nagar,Zone I,Pratap Nagar,Mobile Phone Snatching,Low,Female,46-60,Late Night (11 PM-4 AM),Saturday,October,2024,None,1,No,FIR Registered - Under Investigation,Victim taken to nearby hospital for treatment.,Fully Synthetic (for ML training / MVP use only - not real incidents)
NGP-SYN-0597,Jaripatka,Zone V,Jaripatka,Rioting,High,Female,46-60,Evening (3-7 PM),Thursday,December,2025,Firearm,1,Yes,Absconding Accused,Incident reported by area residents; police patrol increased subsequently.,Fully Synthetic (for ML training / MVP use only - not real incidents)
NGP-SYN-0598,Ganeshpeth,Zone VI (Gandhibagh),Ganeshpeth,Kidnapping,High,Female,36-45,Night (7-11 PM),Monday,June,2024,Vehicle,1,No,Chargesheet Filed,FIR lodged based on victim complaint; no further public details available.,Fully Synthetic (for ML training / MVP use only - not real incidents)
NGP-SYN-0599,Kalmeshwar,Other,Kalmeshwar,Cyber Fraud,Medium,Not Specified,18-25,Evening (3-7 PM),Wednesday,February,2026,None,4,Yes,Under Trial,Case reported to local police station; investigation ongoing.,Fully Synthetic (for ML training / MVP use only - not real incidents)
NGP-SYN-0600,Sakkardara,Zone VI (Gandhibagh),Sakkardara,Fraud,Medium,Female,18-25,Late Night (11 PM-4 AM),Thursday,September,2025,Knife/Sharp Weapon,3,No,Case Closed - Convicted,Accused fled the scene; manhunt launched by local police.,Fully Synthetic (for ML training / MVP use only - not real incidents)
NGP-SYN-0601,Pardi,Zone V,Pardi,Robbery,High,Male,18-25,Morning (7-11 AM),Wednesday,January,2024,Knife/Sharp Weapon,2,Yes,Chargesheet Filed,Complaint filed at nearest police chowki; case under review.,Fully Synthetic (for ML training / MVP use only - not real incidents)
NGP-SYN-0602,Ravi Nagar,Zone II,Ravi Nagar,Drug Trafficking,High,Male,36-45,Night (7-11 PM),Saturday,August,2024,Blunt Object,4,Yes,Case Pending,Case registered under relevant sections of BNS; probe underway.,Fully Synthetic (for ML training / MVP use only - not real incidents)
NGP-SYN-0603,Pipla,Zone V,Pipla,Domestic Violence / Cruelty by Relatives,Medium,Female,26-35,Late Night (11 PM-4 AM),Thursday,February,2024,None/Physical Force,1,No,FIR Registered - Under Investigation,Case reported to local police station; investigation ongoing.,Fully Synthetic (for ML training / MVP use only - not real incidents)
NGP-SYN-0604,Pratap Nagar,Zone I,Pratap Nagar,Molestation,High,Female,46-60,Night (7-11 PM),Thursday,July,2025,Vehicle,1,Yes,Case Closed - Convicted,Case registered under relevant sections of BNS; probe underway.,Fully Synthetic (for ML training / MVP use only - not real incidents)
NGP-SYN-0605,Ganeshpeth,Zone VI (Gandhibagh),Ganeshpeth,Human Trafficking,High,Female,60+,Evening (3-7 PM),Tuesday,September,2024,None/Physical Force,Unknown,Yes,FIR Registered - Under Investigation,Incident logged in police records; no fatalities reported.,Fully Synthetic (for ML training / MVP use only - not real incidents)
NGP-SYN-0606,Godhni,Zone V,Godhni,Grievous Hurt,High,Male,26-35,Night (7-11 PM),Saturday,December,2026,Knife/Sharp Weapon,1,Yes,FIR Registered - Under Investigation,CCTV footage under review as part of investigation.,Fully Synthetic (for ML training / MVP use only - not real incidents)
NGP-SYN-0607,Kalyan Nagar,Zone I,Kalyan Nagar,Cyber Fraud,Medium,Male,46-60,Evening (3-7 PM),Sunday,April,2024,None,1,Yes,FIR Registered - Under Investigation,Reported during routine beat patrolling; preventive action initiated in the locality.,Fully Synthetic (for ML training / MVP use only - not real incidents)
NGP-SYN-0608,Sadar,Zone II,Sadar,Burglary,Medium,Not Specified,36-45,Late Night (11 PM-4 AM),Thursday,February,2025,None,4,Yes,Case Closed - Acquitted,Incident logged in police records; no fatalities reported.,Fully Synthetic (for ML training / MVP use only - not real incidents)
NGP-SYN-0609,Sadar,Zone II,Sadar,Cyber Fraud,Medium,Not Specified,60+,Evening (3-7 PM),Tuesday,November,2025,None/Physical Force,3,Yes,Chargesheet Filed,CCTV footage under review as part of investigation.,Fully Synthetic (for ML training / MVP use only - not real incidents)
NGP-SYN-0610,Mahal,Zone VI (Gandhibagh),Mahal,Fraud,Medium,Male,46-60,Late Night (11 PM-4 AM),Thursday,March,2026,Knife/Sharp Weapon,2,Yes,FIR Registered - Under Investigation,Reported during routine beat patrolling; preventive action initiated in the locality.,Fully Synthetic (for ML training / MVP use only - not real incidents)
NGP-SYN-0611,Ashok Nagar,Other,Ashok Nagar,Cattle Theft,Low,Male,18-25,Late Night (11 PM-4 AM),Thursday,July,2024,None,2,Yes,Case Closed - Acquitted,FIR lodged based on victim complaint; no further public details available.,Fully Synthetic (for ML training / MVP use only - not real incidents)
NGP-SYN-0612,Mankapur,Other,Mankapur,Chain Snatching,Medium,Female,36-45,Night (7-11 PM),Tuesday,April,2026,Blunt Object,1,Yes,Chargesheet Filed,Incident reported by area residents; police patrol increased subsequently.,Fully Synthetic (for ML training / MVP use only - not real incidents)
NGP-SYN-0613,Gandhibagh,Zone III,Gandhibagh,House Break-in,Medium,Male,46-60,Early Morning (4-7 AM),Friday,October,2023,None/Physical Force,3,Yes,FIR Registered - Under Investigation,Victim taken to nearby hospital for treatment.,Fully Synthetic (for ML training / MVP use only - not real incidents)
NGP-SYN-0614,Jaripatka,Zone V,Jaripatka,Mobile Phone Snatching,Low,Female,26-35,Late Night (11 PM-4 AM),Tuesday,December,2025,None,Unknown,Yes,Case Closed - Convicted,Victim taken to nearby hospital for treatment.,Fully Synthetic (for ML training / MVP use only - not real incidents)
NGP-SYN-0615,Bajaj Nagar,Zone I,Bajaj Nagar,Illegal Liquor Trade,Low,Male,26-35,Afternoon (11 AM-3 PM),Tuesday,August,2024,None,2,No,Absconding Accused,Accused fled the scene; manhunt launched by local police.,Fully Synthetic (for ML training / MVP use only - not real incidents)
NGP-SYN-0616,Imambada,Zone VI (Gandhibagh),Imambada,Motor Vehicle Theft,Medium,Male,60+,Late Night (11 PM-4 AM),Monday,December,2026,Knife/Sharp Weapon,2,Yes,Under Trial,Incident logged in police records; no fatalities reported.,Fully Synthetic (for ML training / MVP use only - not real incidents)
NGP-SYN-0617,Shraddhanand Peth,Zone II,Shraddhanand Peth,Assault,Medium,Male,26-35,Afternoon (11 AM-3 PM),Wednesday,August,2023,None/Physical Force,2,Yes,FIR Registered - Under Investigation,Incident logged in police records; no fatalities reported.,Fully Synthetic (for ML training / MVP use only - not real incidents)
NGP-SYN-0618,Dharampeth,Zone II,Dharampeth,Motor Vehicle Theft,Medium,Male,Under 18,Night (7-11 PM),Wednesday,June,2024,Knife/Sharp Weapon,2,Yes,FIR Registered - Under Investigation,Accused fled the scene; manhunt launched by local police.,Fully Synthetic (for ML training / MVP use only - not real incidents)
NGP-SYN-0619,Civil Lines,Zone II,Civil Lines,NDPS (Narcotics),Medium,Male,18-25,Late Night (11 PM-4 AM),Friday,August,2026,Knife/Sharp Weapon,1,Yes,Chargesheet Filed,Details limited in public record; case status as per station register.,Fully Synthetic (for ML training / MVP use only - not real incidents)
NGP-SYN-0620,Seminary Hills,Other,Seminary Hills,Robbery,High,Female,36-45,Night (7-11 PM),Saturday,February,2025,Knife/Sharp Weapon,2,Yes,Case Closed - Convicted,Local police confirmed the incident; identity of accused not officially disclosed.,Fully Synthetic (for ML training / MVP use only - not real incidents)
NGP-SYN-0621,Godhni,Zone V,Godhni,Burglary,Medium,Male,46-60,Afternoon (11 AM-3 PM),Friday,December,2023,Blunt Object,2,No,Chargesheet Filed,FIR lodged based on victim complaint; no further public details available.,Fully Synthetic (for ML training / MVP use only - not real incidents)
NGP-SYN-0622,Friends Colony,Zone IV,Friends Colony,Human Trafficking,High,Female,18-25,Late Night (11 PM-4 AM),Monday,August,2026,Firearm,4,Yes,Chargesheet Filed,Incident logged in police records; no fatalities reported.,Fully Synthetic (for ML training / MVP use only - not real incidents)
NGP-SYN-0623,Sadar,Zone II,Sadar,Fatal Road Accident (Rash Driving),High,Male,18-25,Night (7-11 PM),Wednesday,August,2023,None/Physical Force,1,Yes,Under Trial,Incident logged in police records; no fatalities reported.,Fully Synthetic (for ML training / MVP use only - not real incidents)
NGP-SYN-0624,Sakkardara,Zone VI (Gandhibagh),Sakkardara,Domestic Violence / Cruelty by Relatives,Medium,Not Specified,18-25,Late Night (11 PM-4 AM),Wednesday,January,2025,None/Physical Force,Unknown,Yes,Case Pending,Case linked to a series of similar incidents in the area.,Fully Synthetic (for ML training / MVP use only - not real incidents)
NGP-SYN-0625,Kapil Nagar,Zone V,Kapil Nagar,Assault,Medium,Male,18-25,Evening (3-7 PM),Wednesday,January,2026,Knife/Sharp Weapon,1,Yes,Chargesheet Filed,Incident logged in police records; no fatalities reported.,Fully Synthetic (for ML training / MVP use only - not real incidents)
NGP-SYN-0626,Gandhibagh,Zone III,Gandhibagh,Cyber Fraud,Medium,Male,60+,Afternoon (11 AM-3 PM),Wednesday,February,2025,Blunt Object,1,Yes,Absconding Accused,Incident logged in police records; no fatalities reported.,Fully Synthetic (for ML training / MVP use only - not real incidents)
NGP-SYN-0627,Ramdaspeth,Zone II,Ramdaspeth,Chain Snatching,Medium,Female,36-45,Early Morning (4-7 AM),Tuesday,March,2023,None/Physical Force,1,No,FIR Registered - Under Investigation,Accused fled the scene; manhunt launched by local police.,Fully Synthetic (for ML training / MVP use only - not real incidents)
NGP-SYN-0628,MIDC,Zone I,MIDC,Theft,Low,Female,26-35,Late Night (11 PM-4 AM),Tuesday,September,2023,None,2,Yes,Under Trial,Neighbourhood watch flagged the incident; forwarded to local police station.,Fully Synthetic (for ML training / MVP use only - not real incidents)
NGP-SYN-0629,Gandhinagar,Other,Gandhinagar,Eve Teasing / Harassment,Low,Female,36-45,Late Night (11 PM-4 AM),Wednesday,April,2024,None,Unknown,Yes,Chargesheet Filed,Details limited in public record; case status as per station register.,Fully Synthetic (for ML training / MVP use only - not real incidents)
NGP-SYN-0630,Rajendra Nagar,Other,Rajendra Nagar,Cattle Theft,Low,Male,46-60,Night (7-11 PM),Monday,August,2024,None,1,Yes,Case Pending,Case registered under relevant sections of BNS; probe underway.,Fully Synthetic (for ML training / MVP use only - not real incidents)
NGP-SYN-0631,Pardi,Zone V,Pardi,Assault,Medium,Male,18-25,Morning (7-11 AM),Sunday,February,2026,Knife/Sharp Weapon,2,No,FIR Registered - Under Investigation,Reported during routine beat patrolling; preventive action initiated in the locality.,Fully Synthetic (for ML training / MVP use only - not real incidents)
NGP-SYN-0632,Hingna,Zone I,Hingna,Assault,Medium,Not Specified,26-35,Afternoon (11 AM-3 PM),Monday,November,2024,None/Physical Force,1,No,FIR Registered - Under Investigation,FIR lodged based on victim complaint; no further public details available.,Fully Synthetic (for ML training / MVP use only - not real incidents)
NGP-SYN-0633,Friends Colony,Zone IV,Friends Colony,Domestic Violence / Cruelty by Relatives,Medium,Female,60+,Evening (3-7 PM),Wednesday,January,2025,Blunt Object,2,Yes,FIR Registered - Under Investigation,CCTV footage under review as part of investigation.,Fully Synthetic (for ML training / MVP use only - not real incidents)
NGP-SYN-0634,Kotwali,Zone VI (Gandhibagh),Kotwali,Cybercrime (OTP/Loan App Fraud),Medium,Male,46-60,Early Morning (4-7 AM),Wednesday,September,2023,None,2,Yes,FIR Registered - Under Investigation,Reported during routine beat patrolling; preventive action initiated in the locality.,Fully Synthetic (for ML training / MVP use only - not real incidents)
NGP-SYN-0635,Pachpaoli,Zone VI (Gandhibagh),Pachpaoli,Human Trafficking,High,Female,18-25,Morning (7-11 AM),Tuesday,August,2024,Firearm,1,Yes,Case Closed - Convicted,Reported during routine beat patrolling; preventive action initiated in the locality.,Fully Synthetic (for ML training / MVP use only - not real incidents)
NGP-SYN-0636,Tehsil,Zone VI (Gandhibagh),Tehsil,Burglary,Medium,Male,26-35,Afternoon (11 AM-3 PM),Wednesday,May,2026,None/Physical Force,2,Yes,FIR Registered - Under Investigation,Details limited in public record; case status as per station register.,Fully Synthetic (for ML training / MVP use only - not real incidents)
NGP-SYN-0637,Itwari,Zone III,Itwari,Chain Snatching,Medium,Female,26-35,Night (7-11 PM),Wednesday,January,2025,None/Physical Force,2,Yes,FIR Registered - Under Investigation,CCTV footage under review as part of investigation.,Fully Synthetic (for ML training / MVP use only - not real incidents)
NGP-SYN-0638,Kotwali,Zone VI (Gandhibagh),Kotwali,Cyber Fraud,Medium,Female,26-35,Early Morning (4-7 AM),Thursday,August,2026,None/Physical Force,Unknown,Yes,Chargesheet Filed,Case reported to local police station; investigation ongoing.,Fully Synthetic (for ML training / MVP use only - not real incidents)
NGP-SYN-0639,Kalyan Nagar,Zone I,Kalyan Nagar,Theft,Low,Not Specified,46-60,Evening (3-7 PM),Thursday,December,2023,None,2,Yes,FIR Registered - Under Investigation,Details limited in public record; case status as per station register.,Fully Synthetic (for ML training / MVP use only - not real incidents)
NGP-SYN-0640,Manish Nagar,Zone IV,Manish Nagar,Theft,Low,Not Specified,36-45,Late Night (11 PM-4 AM),Friday,February,2025,None,3,Yes,Chargesheet Filed,Victim taken to nearby hospital for treatment.,Fully Synthetic (for ML training / MVP use only - not real incidents)
NGP-SYN-0641,Gokulpeth,Other,Gokulpeth,Fatal Road Accident (Rash Driving),High,Male,46-60,Evening (3-7 PM),Saturday,October,2023,Blunt Object,1,Yes,Case Closed - Acquitted,Reported during routine beat patrolling; preventive action initiated in the locality.,Fully Synthetic (for ML training / MVP use only - not real incidents)
NGP-SYN-0642,Suyog Nagar,Other,Suyog Nagar,Fraud,Medium,Male,18-25,Night (7-11 PM),Monday,December,2026,Knife/Sharp Weapon,1,No,Absconding Accused,CCTV footage under review as part of investigation.,Fully Synthetic (for ML training / MVP use only - not real incidents)
NGP-SYN-0643,MIDC,Zone I,MIDC,Theft,Low,Not Specified,46-60,Night (7-11 PM),Sunday,March,2024,None,Unknown,Yes,Case Pending,Case linked to a series of similar incidents in the area.,Fully Synthetic (for ML training / MVP use only - not real incidents)
NGP-SYN-0644,Mominpura,Zone III,Mominpura,Cyber Fraud,Medium,Male,26-35,Night (7-11 PM),Tuesday,September,2024,Knife/Sharp Weapon,2,Yes,Absconding Accused,Incident reported by area residents; police patrol increased subsequently.,Fully Synthetic (for ML training / MVP use only - not real incidents)
NGP-SYN-0645,Bajaj Nagar,Zone I,Bajaj Nagar,Assault,Medium,Female,18-25,Late Night (11 PM-4 AM),Sunday,March,2023,Knife/Sharp Weapon,Unknown,Yes,FIR Registered - Under Investigation,Victim taken to nearby hospital for treatment.,Fully Synthetic (for ML training / MVP use only - not real incidents)
NGP-SYN-0646,Manish Nagar,Zone IV,Manish Nagar,Extortion,Medium,Male,18-25,Night (7-11 PM),Friday,February,2024,None,3,Yes,FIR Registered - Under Investigation,Case linked to a series of similar incidents in the area.,Fully Synthetic (for ML training / MVP use only - not real incidents)
NGP-SYN-0647,Friends Colony,Zone IV,Friends Colony,Cyber Fraud,Medium,Male,26-35,Night (7-11 PM),Wednesday,November,2026,Knife/Sharp Weapon,1,Yes,Case Pending,Incident reported by area residents; police patrol increased subsequently.,Fully Synthetic (for ML training / MVP use only - not real incidents)
NGP-SYN-0648,Hingna,Zone I,Hingna,Cyber Fraud,Medium,Not Specified,36-45,Late Night (11 PM-4 AM),Wednesday,April,2025,Knife/Sharp Weapon,1,Yes,Under Trial,Case reported to local police station; investigation ongoing.,Fully Synthetic (for ML training / MVP use only - not real incidents)
NGP-SYN-0649,Khapri,Zone V,Khapri,Theft,Low,Female,26-35,Evening (3-7 PM),Tuesday,November,2024,None,2,Yes,FIR Registered - Under Investigation,Neighbourhood watch flagged the incident; forwarded to local police station.,Fully Synthetic (for ML training / MVP use only - not real incidents)
NGP-SYN-0650,Khaparkheda,Other,Khaparkheda,Kidnapping,High,Female,36-45,Early Morning (4-7 AM),Monday,February,2025,Blunt Object,2,Yes,FIR Registered - Under Investigation,Reported during routine beat patrolling; preventive action initiated in the locality.,Fully Synthetic (for ML training / MVP use only - not real incidents)
NGP-SYN-0651,Nandanvan,Zone IV,Nandanvan,Theft,Low,Male,18-25,Evening (3-7 PM),Monday,April,2025,None,2,No,Under Trial,CCTV footage under review as part of investigation.,Fully Synthetic (for ML training / MVP use only - not real incidents)
NGP-SYN-0652,Beltarodi,Zone IV,Beltarodi,Motor Vehicle Theft,Medium,Not Specified,36-45,Evening (3-7 PM),Sunday,January,2024,Knife/Sharp Weapon,3,Yes,Absconding Accused,Victim taken to nearby hospital for treatment.,Fully Synthetic (for ML training / MVP use only - not real incidents)
NGP-SYN-0653,Ajni,Zone IV,Ajni,Robbery,High,Male,26-35,Late Night (11 PM-4 AM),Saturday,October,2023,None/Physical Force,2,Yes,Case Pending,Case registered under relevant sections of BNS; probe underway.,Fully Synthetic (for ML training / MVP use only - not real incidents)
NGP-SYN-0654,Civil Lines,Zone II,Civil Lines,Domestic Violence / Cruelty by Relatives,Medium,Female,46-60,Late Night (11 PM-4 AM),Sunday,November,2025,Knife/Sharp Weapon,4,Yes,Under Trial,CCTV footage under review as part of investigation.,Fully Synthetic (for ML training / MVP use only - not real incidents)
NGP-SYN-0655,Nandanvan,Zone IV,Nandanvan,Theft,Low,Male,60+,Afternoon (11 AM-3 PM),Monday,December,2025,None,1,No,FIR Registered - Under Investigation,Details limited in public record; case status as per station register.,Fully Synthetic (for ML training / MVP use only - not real incidents)
NGP-SYN-0656,Gokulpeth,Other,Gokulpeth,Motor Vehicle Theft,Medium,Not Specified,46-60,Afternoon (11 AM-3 PM),Friday,November,2025,None,1,Yes,Under Trial,Accused fled the scene; manhunt launched by local police.,Fully Synthetic (for ML training / MVP use only - not real incidents)
NGP-SYN-0657,Yashodhara Nagar,Zone V,Yashodhara Nagar,Chain Snatching,Medium,Female,Under 18,Evening (3-7 PM),Friday,November,2025,Blunt Object,2,No,Under Trial,Incident reported by area residents; police patrol increased subsequently.,Fully Synthetic (for ML training / MVP use only - not real incidents)
NGP-SYN-0658,Manish Nagar,Zone IV,Manish Nagar,Theft,Low,Female,46-60,Evening (3-7 PM),Tuesday,December,2025,None,1,Yes,FIR Registered - Under Investigation,Victim taken to nearby hospital for treatment.,Fully Synthetic (for ML training / MVP use only - not real incidents)
NGP-SYN-0659,Sonegaon,Zone I,Sonegaon,Domestic Violence / Cruelty by Relatives,Medium,Female,46-60,Afternoon (11 AM-3 PM),Wednesday,February,2025,None,2,Yes,FIR Registered - Under Investigation,CCTV footage under review as part of investigation.,Fully Synthetic (for ML training / MVP use only - not real incidents)
NGP-SYN-0660,Dharampeth,Zone II,Dharampeth,Burglary,Medium,Not Specified,36-45,Night (7-11 PM),Tuesday,August,2024,None,1,Yes,Chargesheet Filed,Reported during routine beat patrolling; preventive action initiated in the locality.,Fully Synthetic (for ML training / MVP use only - not real incidents)
NGP-SYN-0661,Itwari,Zone III,Itwari,Grievous Hurt,High,Male,46-60,Late Night (11 PM-4 AM),Sunday,October,2025,None/Physical Force,1,Yes,FIR Registered - Under Investigation,Local police confirmed the incident; identity of accused not officially disclosed.,Fully Synthetic (for ML training / MVP use only - not real incidents)
NGP-SYN-0662,Suyog Nagar,Other,Suyog Nagar,Cyber Fraud,Medium,Male,26-35,Late Night (11 PM-4 AM),Sunday,July,2023,Knife/Sharp Weapon,1,No,FIR Registered - Under Investigation,FIR lodged based on victim complaint; no further public details available.,Fully Synthetic (for ML training / MVP use only - not real incidents)
NGP-SYN-0663,Khapri,Zone V,Khapri,House Break-in,Medium,Male,18-25,Afternoon (11 AM-3 PM),Tuesday,August,2026,Blunt Object,4,Yes,Case Pending,Case linked to a series of similar incidents in the area.,Fully Synthetic (for ML training / MVP use only - not real incidents)
NGP-SYN-0664,Mominpura,Zone III,Mominpura,Chain Snatching,Medium,Male,18-25,Afternoon (11 AM-3 PM),Thursday,September,2023,Blunt Object,1,Yes,Chargesheet Filed,Local police confirmed the incident; identity of accused not officially disclosed.,Fully Synthetic (for ML training / MVP use only - not real incidents)
NGP-SYN-0665,Khapri,Zone V,Khapri,Motor Vehicle Theft,Medium,Not Specified,Under 18,Night (7-11 PM),Sunday,September,2025,None/Physical Force,1,Yes,FIR Registered - Under Investigation,Reported during routine beat patrolling; preventive action initiated in the locality.,Fully Synthetic (for ML training / MVP use only - not real incidents)
NGP-SYN-0666,Byramji Town,Other,Byramji Town,Fatal Road Accident (Rash Driving),High,Female,18-25,Afternoon (11 AM-3 PM),Friday,January,2025,Firearm,2,No,FIR Registered - Under Investigation,FIR lodged based on victim complaint; no further public details available.,Fully Synthetic (for ML training / MVP use only - not real incidents)
NGP-SYN-0667,Kapil Nagar,Zone V,Kapil Nagar,House Break-in,Medium,Female,26-35,Late Night (11 PM-4 AM),Thursday,January,2025,None/Physical Force,1,Yes,Chargesheet Filed,Accused fled the scene; manhunt launched by local police.,Fully Synthetic (for ML training / MVP use only - not real incidents)
NGP-SYN-0668,Giripeth,Zone II,Giripeth,Burglary,Medium,Female,Under 18,Late Night (11 PM-4 AM),Friday,March,2023,Blunt Object,1,Yes,Case Closed - Convicted,Neighbourhood watch flagged the incident; forwarded to local police station.,Fully Synthetic (for ML training / MVP use only - not real incidents)
NGP-SYN-0669,Pachpaoli,Zone VI (Gandhibagh),Pachpaoli,Chain Snatching,Medium,Male,26-35,Night (7-11 PM),Tuesday,January,2026,None/Physical Force,1,No,Chargesheet Filed,Case linked to a series of similar incidents in the area.,Fully Synthetic (for ML training / MVP use only - not real incidents)
NGP-SYN-0670,Gokulpeth,Other,Gokulpeth,Theft,Low,Not Specified,18-25,Night (7-11 PM),Monday,October,2025,None,2,Yes,FIR Registered - Under Investigation,Accused fled the scene; manhunt launched by local police.,Fully Synthetic (for ML training / MVP use only - not real incidents)
NGP-SYN-0671,Trimurti Nagar,Zone I,Trimurti Nagar,Cyber Fraud,Medium,Female,46-60,Late Night (11 PM-4 AM),Tuesday,February,2026,Blunt Object,1,Yes,FIR Registered - Under Investigation,Reported during routine beat patrolling; preventive action initiated in the locality.,Fully Synthetic (for ML training / MVP use only - not real incidents)
NGP-SYN-0672,Kapil Nagar,Zone V,Kapil Nagar,Cyber Fraud,Medium,Female,26-35,Afternoon (11 AM-3 PM),Friday,August,2023,Blunt Object,1,Yes,FIR Registered - Under Investigation,FIR lodged based on victim complaint; no further public details available.,Fully Synthetic (for ML training / MVP use only - not real incidents)
NGP-SYN-0673,Pipla,Zone V,Pipla,Theft,Low,Male,36-45,Morning (7-11 AM),Saturday,June,2023,None,1,Yes,Under Trial,Neighbourhood watch flagged the incident; forwarded to local police station.,Fully Synthetic (for ML training / MVP use only - not real incidents)
NGP-SYN-0674,Ravi Nagar,Zone II,Ravi Nagar,Chain Snatching,Medium,Female,26-35,Late Night (11 PM-4 AM),Friday,February,2024,None/Physical Force,3,Yes,Case Closed - Convicted,FIR lodged based on victim complaint; no further public details available.,Fully Synthetic (for ML training / MVP use only - not real incidents)
NGP-SYN-0675,Besa,Zone V,Besa,Molestation,High,Female,46-60,Late Night (11 PM-4 AM),Wednesday,April,2025,None/Physical Force,3,Yes,FIR Registered - Under Investigation,Details limited in public record; case status as per station register.,Fully Synthetic (for ML training / MVP use only - not real incidents)
NGP-SYN-0676,Gitti Khadan,Zone III,Gitti Khadan,Cyber Fraud,Medium,Female,26-35,Early Morning (4-7 AM),Saturday,November,2025,None,1,No,Chargesheet Filed,Incident logged in police records; no fatalities reported.,Fully Synthetic (for ML training / MVP use only - not real incidents)
NGP-SYN-0677,Indora,Other,Indora,House Break-in,Medium,Male,Under 18,Afternoon (11 AM-3 PM),Friday,February,2026,Blunt Object,1,Yes,Chargesheet Filed,Incident reported by area residents; police patrol increased subsequently.,Fully Synthetic (for ML training / MVP use only - not real incidents)
NGP-SYN-0678,Ravi Nagar,Zone II,Ravi Nagar,Cyber Fraud,Medium,Male,60+,Afternoon (11 AM-3 PM),Friday,November,2023,Blunt Object,1,Yes,Under Trial,Case reported to local police station; investigation ongoing.,Fully Synthetic (for ML training / MVP use only - not real incidents)
NGP-SYN-0679,Bajeria,Zone III,Bajeria,Fraud,Medium,Not Specified,26-35,Night (7-11 PM),Friday,February,2026,None/Physical Force,Unknown,Yes,Under Trial,Complaint filed at nearest police chowki; case under review.,Fully Synthetic (for ML training / MVP use only - not real incidents)
NGP-SYN-0680,Pardi,Zone V,Pardi,Eve Teasing / Harassment,Low,Not Specified,36-45,Afternoon (11 AM-3 PM),Saturday,December,2023,None,4,Yes,FIR Registered - Under Investigation,Incident reported by area residents; police patrol increased subsequently.,Fully Synthetic (for ML training / MVP use only - not real incidents)
NGP-SYN-0681,Mangalwari,Zone III,Mangalwari,Chain Snatching,Medium,Male,60+,Early Morning (4-7 AM),Tuesday,January,2025,Blunt Object,1,No,FIR Registered - Under Investigation,Case registered under relevant sections of BNS; probe underway.,Fully Synthetic (for ML training / MVP use only - not real incidents)
NGP-SYN-0682,Mangalwari,Zone III,Mangalwari,Theft,Low,Male,18-25,Night (7-11 PM),Sunday,September,2025,None,Unknown,Yes,Under Trial,FIR lodged based on victim complaint; no further public details available.,Fully Synthetic (for ML training / MVP use only - not real incidents)
NGP-SYN-0683,Besa,Zone V,Besa,Murder,High,Male,18-25,Afternoon (11 AM-3 PM),Sunday,February,2023,Knife/Sharp Weapon,4,Yes,Chargesheet Filed,Reported during routine beat patrolling; preventive action initiated in the locality.,Fully Synthetic (for ML training / MVP use only - not real incidents)
NGP-SYN-0684,Indora,Other,Indora,Theft,Low,Not Specified,60+,Evening (3-7 PM),Tuesday,May,2026,None,3,Yes,Case Closed - Convicted,Case registered under relevant sections of BNS; probe underway.,Fully Synthetic (for ML training / MVP use only - not real incidents)
NGP-SYN-0685,Imambada,Zone VI (Gandhibagh),Imambada,Theft,Low,Male,26-35,Evening (3-7 PM),Tuesday,September,2026,None,2,No,Case Closed - Convicted,Local police confirmed the incident; identity of accused not officially disclosed.,Fully Synthetic (for ML training / MVP use only - not real incidents)
NGP-SYN-0686,Civil Lines,Zone II,Civil Lines,Cyber Fraud,Medium,Female,26-35,Late Night (11 PM-4 AM),Sunday,September,2024,None/Physical Force,3,No,Under Trial,Case reported to local police station; investigation ongoing.,Fully Synthetic (for ML training / MVP use only - not real incidents)
NGP-SYN-0687,Ganeshpeth,Zone VI (Gandhibagh),Ganeshpeth,Kidnapping,High,Female,18-25,Night (7-11 PM),Tuesday,August,2023,Vehicle,1,Yes,Case Closed - Acquitted,Local police confirmed the incident; identity of accused not officially disclosed.,Fully Synthetic (for ML training / MVP use only - not real incidents)
NGP-SYN-0688,MIDC,Zone I,MIDC,Motor Vehicle Theft,Medium,Male,46-60,Afternoon (11 AM-3 PM),Friday,June,2026,Blunt Object,2,No,Chargesheet Filed,Incident reported by area residents; police patrol increased subsequently.,Fully Synthetic (for ML training / MVP use only - not real incidents)
NGP-SYN-0689,Friends Colony,Zone IV,Friends Colony,Motor Vehicle Theft,Medium,Not Specified,60+,Night (7-11 PM),Wednesday,December,2026,None,2,Yes,Under Trial,Accused fled the scene; manhunt launched by local police.,Fully Synthetic (for ML training / MVP use only - not real incidents)
NGP-SYN-0690,Pardi,Zone V,Pardi,Chain Snatching,Medium,Male,26-35,Afternoon (11 AM-3 PM),Thursday,May,2023,Knife/Sharp Weapon,1,Yes,Chargesheet Filed,Case linked to a series of similar incidents in the area.,Fully Synthetic (for ML training / MVP use only - not real incidents)
NGP-SYN-0691,Nandanvan,Zone IV,Nandanvan,Robbery,High,Male,46-60,Afternoon (11 AM-3 PM),Wednesday,September,2025,Blunt Object,1,Yes,Case Closed - Convicted,CCTV footage under review as part of investigation.,Fully Synthetic (for ML training / MVP use only - not real incidents)
NGP-SYN-0692,Ajni,Zone IV,Ajni,Domestic Violence / Cruelty by Relatives,Medium,Female,18-25,Late Night (11 PM-4 AM),Monday,September,2025,Blunt Object,3,No,Under Trial,Accused fled the scene; manhunt launched by local police.,Fully Synthetic (for ML training / MVP use only - not real incidents)
NGP-SYN-0693,Tehsil,Zone VI (Gandhibagh),Tehsil,Robbery,High,Male,18-25,Morning (7-11 AM),Thursday,April,2023,None/Physical Force,1,Yes,Case Closed - Convicted,FIR lodged based on victim complaint; no further public details available.,Fully Synthetic (for ML training / MVP use only - not real incidents)
NGP-SYN-0694,Ramdaspeth,Zone II,Ramdaspeth,Cyber Fraud,Medium,Male,36-45,Evening (3-7 PM),Friday,January,2025,Knife/Sharp Weapon,Unknown,Yes,Under Trial,Neighbourhood watch flagged the incident; forwarded to local police station.,Fully Synthetic (for ML training / MVP use only - not real incidents)
NGP-SYN-0695,Gaddi Godam,Zone III,Gaddi Godam,Burglary,Medium,Female,46-60,Late Night (11 PM-4 AM),Friday,December,2026,None/Physical Force,4,No,FIR Registered - Under Investigation,Neighbourhood watch flagged the incident; forwarded to local police station.,Fully Synthetic (for ML training / MVP use only - not real incidents)
NGP-SYN-0696,Mangalwari,Zone III,Mangalwari,Burglary,Medium,Male,46-60,Morning (7-11 AM),Saturday,October,2023,None,1,Yes,Chargesheet Filed,Incident logged in police records; no fatalities reported.,Fully Synthetic (for ML training / MVP use only - not real incidents)
NGP-SYN-0697,Kalyan Nagar,Zone I,Kalyan Nagar,Chain Snatching,Medium,Female,18-25,Late Night (11 PM-4 AM),Wednesday,September,2026,Knife/Sharp Weapon,1,Yes,FIR Registered - Under Investigation,Local police confirmed the incident; identity of accused not officially disclosed.,Fully Synthetic (for ML training / MVP use only - not real incidents)
NGP-SYN-0698,Pardi,Zone V,Pardi,Mobile Phone Snatching,Low,Not Specified,26-35,Afternoon (11 AM-3 PM),Tuesday,February,2025,None,4,Yes,Under Trial,FIR lodged based on victim complaint; no further public details available.,Fully Synthetic (for ML training / MVP use only - not real incidents)
NGP-SYN-0699,Pardi,Zone V,Pardi,Murder,High,Not Specified,46-60,Late Night (11 PM-4 AM),Thursday,February,2026,Vehicle,1,Yes,FIR Registered - Under Investigation,Case reported to local police station; investigation ongoing.,Fully Synthetic (for ML training / MVP use only - not real incidents)
NGP-SYN-0700,Khaparkheda,Other,Khaparkheda,Theft,Low,Not Specified,36-45,Morning (7-11 AM),Tuesday,August,2024,None,1,Yes,Under Trial,Complaint filed at nearest police chowki; case under review.,Fully Synthetic (for ML training / MVP use only - not real incidents)
NGP-SYN-0701,Lakadganj,Zone VI (Gandhibagh),Lakadganj,Attempted Murder,High,Male,36-45,Evening (3-7 PM),Sunday,December,2025,Vehicle,1,Yes,FIR Registered - Under Investigation,Neighbourhood watch flagged the incident; forwarded to local police station.,Fully Synthetic (for ML training / MVP use only - not real incidents)
NGP-SYN-0702,Dharampeth,Zone II,Dharampeth,Cyber Fraud,Medium,Male,36-45,Evening (3-7 PM),Saturday,October,2025,Blunt Object,Unknown,Yes,FIR Registered - Under Investigation,Details limited in public record; case status as per station register.,Fully Synthetic (for ML training / MVP use only - not real incidents)
NGP-SYN-0703,Ajni,Zone IV,Ajni,Rioting,High,Not Specified,Under 18,Early Morning (4-7 AM),Wednesday,June,2024,None/Physical Force,Unknown,Yes,FIR Registered - Under Investigation,Reported during routine beat patrolling; preventive action initiated in the locality.,Fully Synthetic (for ML training / MVP use only - not real incidents)
NGP-SYN-0704,Ravi Nagar,Zone II,Ravi Nagar,Cyber Fraud,Medium,Male,36-45,Evening (3-7 PM),Friday,July,2025,Knife/Sharp Weapon,1,No,FIR Registered - Under Investigation,FIR lodged based on victim complaint; no further public details available.,Fully Synthetic (for ML training / MVP use only - not real incidents)
NGP-SYN-0705,Bhandewadi,Other,Bhandewadi,Chain Snatching,Medium,Male,26-35,Evening (3-7 PM),Tuesday,June,2026,None,1,Yes,Absconding Accused,Reported during routine beat patrolling; preventive action initiated in the locality.,Fully Synthetic (for ML training / MVP use only - not real incidents)
NGP-SYN-0706,Ravi Nagar,Zone II,Ravi Nagar,Burglary,Medium,Female,36-45,Evening (3-7 PM),Wednesday,January,2024,None,4,Yes,FIR Registered - Under Investigation,Local police confirmed the incident; identity of accused not officially disclosed.,Fully Synthetic (for ML training / MVP use only - not real incidents)
NGP-SYN-0707,Indora,Other,Indora,Eve Teasing / Harassment,Low,Female,26-35,Afternoon (11 AM-3 PM),Tuesday,September,2025,None,4,Yes,Case Pending,Case reported to local police station; investigation ongoing.,Fully Synthetic (for ML training / MVP use only - not real incidents)
NGP-SYN-0708,Lakadganj,Zone VI (Gandhibagh),Lakadganj,Assault,Medium,Not Specified,Under 18,Night (7-11 PM),Tuesday,December,2026,Blunt Object,1,Yes,Under Trial,Incident reported by area residents; police patrol increased subsequently.,Fully Synthetic (for ML training / MVP use only - not real incidents)
NGP-SYN-0709,Pachpaoli,Zone VI (Gandhibagh),Pachpaoli,Rape,High,Female,18-25,Afternoon (11 AM-3 PM),Saturday,March,2026,Firearm,2,Yes,FIR Registered - Under Investigation,Incident reported by area residents; police patrol increased subsequently.,Fully Synthetic (for ML training / MVP use only - not real incidents)
NGP-SYN-0710,Kalmeshwar,Other,Kalmeshwar,Burglary,Medium,Not Specified,46-60,Afternoon (11 AM-3 PM),Friday,March,2025,None/Physical Force,1,No,FIR Registered - Under Investigation,Accused fled the scene; manhunt launched by local police.,Fully Synthetic (for ML training / MVP use only - not real incidents)
NGP-SYN-0711,Giripeth,Zone II,Giripeth,Burglary,Medium,Male,36-45,Morning (7-11 AM),Sunday,March,2025,None/Physical Force,2,No,Case Closed - Convicted,Neighbourhood watch flagged the incident; forwarded to local police station.,Fully Synthetic (for ML training / MVP use only - not real incidents)
NGP-SYN-0712,Subhash Nagar,Zone I,Subhash Nagar,Mobile Phone Snatching,Low,Female,Under 18,Night (7-11 PM),Saturday,July,2023,None,3,Yes,Under Trial,Accused fled the scene; manhunt launched by local police.,Fully Synthetic (for ML training / MVP use only - not real incidents)
NGP-SYN-0713,Pratap Nagar,Zone I,Pratap Nagar,Cyber Fraud,Medium,Not Specified,18-25,Evening (3-7 PM),Tuesday,December,2026,None,4,Yes,FIR Registered - Under Investigation,CCTV footage under review as part of investigation.,Fully Synthetic (for ML training / MVP use only - not real incidents)
NGP-SYN-0714,Pipla,Zone V,Pipla,Theft,Low,Male,26-35,Late Night (11 PM-4 AM),Saturday,August,2025,None,1,Yes,Absconding Accused,FIR lodged based on victim complaint; no further public details available.,Fully Synthetic (for ML training / MVP use only - not real incidents)
NGP-SYN-0715,Nandanvan,Zone IV,Nandanvan,Fraud,Medium,Male,36-45,Night (7-11 PM),Friday,October,2023,Blunt Object,1,Yes,Under Trial,Incident reported by area residents; police patrol increased subsequently.,Fully Synthetic (for ML training / MVP use only - not real incidents)
NGP-SYN-0716,Imambada,Zone VI (Gandhibagh),Imambada,Molestation,High,Female,18-25,Late Night (11 PM-4 AM),Monday,January,2023,None/Physical Force,Unknown,Yes,Absconding Accused,CCTV footage under review as part of investigation.,Fully Synthetic (for ML training / MVP use only - not real incidents)
NGP-SYN-0717,Pachpaoli,Zone VI (Gandhibagh),Pachpaoli,Burglary,Medium,Male,26-35,Late Night (11 PM-4 AM),Wednesday,September,2026,None/Physical Force,1,Yes,Case Closed - Acquitted,Neighbourhood watch flagged the incident; forwarded to local police station.,Fully Synthetic (for ML training / MVP use only - not real incidents)
NGP-SYN-0718,Hudkeshwar,Zone IV,Hudkeshwar,Mobile Phone Snatching,Low,Female,26-35,Late Night (11 PM-4 AM),Monday,January,2025,None,1,Yes,Chargesheet Filed,Complaint filed at nearest police chowki; case under review.,Fully Synthetic (for ML training / MVP use only - not real incidents)
NGP-SYN-0719,Sadar,Zone II,Sadar,Fatal Road Accident (Rash Driving),High,Male,18-25,Night (7-11 PM),Tuesday,November,2023,Knife/Sharp Weapon,2,Yes,FIR Registered - Under Investigation,Complaint filed at nearest police chowki; case under review.,Fully Synthetic (for ML training / MVP use only - not real incidents)
NGP-SYN-0720,Khaparkheda,Other,Khaparkheda,Molestation,High,Not Specified,Under 18,Afternoon (11 AM-3 PM),Monday,July,2023,Vehicle,1,Yes,Case Closed - Convicted,Case registered under relevant sections of BNS; probe underway.,Fully Synthetic (for ML training / MVP use only - not real incidents)
NGP-SYN-0721,Mahal,Zone VI (Gandhibagh),Mahal,Cybercrime (OTP/Loan App Fraud),Medium,Not Specified,36-45,Evening (3-7 PM),Thursday,October,2024,Knife/Sharp Weapon,1,No,Case Closed - Convicted,FIR lodged based on victim complaint; no further public details available.,Fully Synthetic (for ML training / MVP use only - not real incidents)
NGP-SYN-0722,Mankapur,Other,Mankapur,Theft,Low,Female,26-35,Night (7-11 PM),Tuesday,October,2024,None,Unknown,Yes,FIR Registered - Under Investigation,Incident reported by area residents; police patrol increased subsequently.,Fully Synthetic (for ML training / MVP use only - not real incidents)
NGP-SYN-0723,MIDC,Zone I,MIDC,Theft,Low,Female,36-45,Late Night (11 PM-4 AM),Monday,January,2024,None,2,No,Case Pending,Case registered under relevant sections of BNS; probe underway.,Fully Synthetic (for ML training / MVP use only - not real incidents)
NGP-SYN-0724,Sadar,Zone II,Sadar,Gambling,Low,Male,26-35,Early Morning (4-7 AM),Wednesday,April,2025,None,Unknown,No,FIR Registered - Under Investigation,Incident reported by area residents; police patrol increased subsequently.,Fully Synthetic (for ML training / MVP use only - not real incidents)
NGP-SYN-0725,Manish Nagar,Zone IV,Manish Nagar,Grievous Hurt,High,Female,18-25,Night (7-11 PM),Wednesday,August,2023,Vehicle,2,No,FIR Registered - Under Investigation,Neighbourhood watch flagged the incident; forwarded to local police station.,Fully Synthetic (for ML training / MVP use only - not real incidents)
NGP-SYN-0726,Ganeshpeth,Zone VI (Gandhibagh),Ganeshpeth,Murder,High,Female,26-35,Afternoon (11 AM-3 PM),Saturday,July,2026,Blunt Object,3,Yes,FIR Registered - Under Investigation,Reported during routine beat patrolling; preventive action initiated in the locality.,Fully Synthetic (for ML training / MVP use only - not real incidents)
NGP-SYN-0727,Rajendra Nagar,Other,Rajendra Nagar,Chain Snatching,Medium,Female,60+,Late Night (11 PM-4 AM),Wednesday,August,2026,Knife/Sharp Weapon,1,No,FIR Registered - Under Investigation,Victim taken to nearby hospital for treatment.,Fully Synthetic (for ML training / MVP use only - not real incidents)
NGP-SYN-0728,Kalyan Nagar,Zone I,Kalyan Nagar,House Break-in,Medium,Male,26-35,Morning (7-11 AM),Saturday,July,2026,None/Physical Force,1,No,FIR Registered - Under Investigation,Incident reported by area residents; police patrol increased subsequently.,Fully Synthetic (for ML training / MVP use only - not real incidents)
NGP-SYN-0729,Itwari,Zone III,Itwari,NDPS (Narcotics),Medium,Not Specified,36-45,Afternoon (11 AM-3 PM),Thursday,February,2026,None/Physical Force,1,Yes,Case Closed - Convicted,Victim taken to nearby hospital for treatment.,Fully Synthetic (for ML training / MVP use only - not real incidents)
NGP-SYN-0730,Kapil Nagar,Zone V,Kapil Nagar,House Break-in,Medium,Female,46-60,Afternoon (11 AM-3 PM),Wednesday,August,2026,Blunt Object,Unknown,No,Under Trial,Incident logged in police records; no fatalities reported.,Fully Synthetic (for ML training / MVP use only - not real incidents)
NGP-SYN-0731,Kalmeshwar,Other,Kalmeshwar,Motor Vehicle Theft,Medium,Female,36-45,Morning (7-11 AM),Sunday,December,2023,None,1,Yes,Case Closed - Convicted,Reported during routine beat patrolling; preventive action initiated in the locality.,Fully Synthetic (for ML training / MVP use only - not real incidents)
NGP-SYN-0732,Trimurti Nagar,Zone I,Trimurti Nagar,Attempted Murder,High,Male,26-35,Afternoon (11 AM-3 PM),Wednesday,June,2024,Knife/Sharp Weapon,1,No,FIR Registered - Under Investigation,Details limited in public record; case status as per station register.,Fully Synthetic (for ML training / MVP use only - not real incidents)
NGP-SYN-0733,Mangalwari,Zone III,Mangalwari,Mobile Phone Snatching,Low,Male,26-35,Afternoon (11 AM-3 PM),Thursday,August,2023,None,1,Yes,Under Trial,Case registered under relevant sections of BNS; probe underway.,Fully Synthetic (for ML training / MVP use only - not real incidents)
NGP-SYN-0734,Chaoni,Other,Chaoni,Motor Vehicle Theft,Medium,Male,Under 18,Afternoon (11 AM-3 PM),Tuesday,August,2023,None,1,Yes,FIR Registered - Under Investigation,Accused fled the scene; manhunt launched by local police.,Fully Synthetic (for ML training / MVP use only - not real incidents)
NGP-SYN-0735,Pipla,Zone V,Pipla,Assault,Medium,Not Specified,46-60,Early Morning (4-7 AM),Friday,March,2025,None/Physical Force,1,Yes,FIR Registered - Under Investigation,Accused fled the scene; manhunt launched by local police.,Fully Synthetic (for ML training / MVP use only - not real incidents)
NGP-SYN-0736,Itwari,Zone III,Itwari,Theft,Low,Not Specified,26-35,Late Night (11 PM-4 AM),Monday,June,2024,None,Unknown,No,Chargesheet Filed,Neighbourhood watch flagged the incident; forwarded to local police station.,Fully Synthetic (for ML training / MVP use only - not real incidents)
NGP-SYN-0737,Pipla,Zone V,Pipla,Grievous Hurt,High,Male,18-25,Night (7-11 PM),Monday,August,2024,Firearm,1,Yes,Case Closed - Convicted,Case reported to local police station; investigation ongoing.,Fully Synthetic (for ML training / MVP use only - not real incidents)
NGP-SYN-0738,Gaddi Godam,Zone III,Gaddi Godam,Burglary,Medium,Male,26-35,Evening (3-7 PM),Wednesday,July,2023,Knife/Sharp Weapon,1,No,Chargesheet Filed,Victim taken to nearby hospital for treatment.,Fully Synthetic (for ML training / MVP use only - not real incidents)
NGP-SYN-0739,Imambada,Zone VI (Gandhibagh),Imambada,Theft,Low,Male,60+,Evening (3-7 PM),Thursday,March,2025,None,1,Yes,Case Closed - Acquitted,Incident reported by area residents; police patrol increased subsequently.,Fully Synthetic (for ML training / MVP use only - not real incidents)
NGP-SYN-0740,Besa,Zone V,Besa,House Break-in,Medium,Not Specified,18-25,Night (7-11 PM),Tuesday,January,2026,None/Physical Force,1,No,Chargesheet Filed,Incident reported by area residents; police patrol increased subsequently.,Fully Synthetic (for ML training / MVP use only - not real incidents)
NGP-SYN-0741,Civil Lines,Zone II,Civil Lines,Burglary,Medium,Not Specified,26-35,Evening (3-7 PM),Thursday,February,2026,None,1,Yes,Case Pending,CCTV footage under review as part of investigation.,Fully Synthetic (for ML training / MVP use only - not real incidents)
NGP-SYN-0742,Chaoni,Other,Chaoni,Mobile Phone Snatching,Low,Female,46-60,Morning (7-11 AM),Sunday,December,2024,None,2,Yes,FIR Registered - Under Investigation,Accused fled the scene; manhunt launched by local police.,Fully Synthetic (for ML training / MVP use only - not real incidents)
NGP-SYN-0743,Sonegaon,Zone I,Sonegaon,Gambling,Low,Not Specified,Under 18,Night (7-11 PM),Thursday,June,2025,None,Unknown,Yes,Case Closed - Convicted,Local police confirmed the incident; identity of accused not officially disclosed.,Fully Synthetic (for ML training / MVP use only - not real incidents)
NGP-SYN-0744,Kapil Nagar,Zone V,Kapil Nagar,House Break-in,Medium,Female,18-25,Late Night (11 PM-4 AM),Tuesday,August,2025,Knife/Sharp Weapon,2,No,Chargesheet Filed,Reported during routine beat patrolling; preventive action initiated in the locality.,Fully Synthetic (for ML training / MVP use only - not real incidents)
NGP-SYN-0745,Ajni,Zone IV,Ajni,Domestic Violence / Cruelty by Relatives,Medium,Female,26-35,Evening (3-7 PM),Wednesday,August,2024,None/Physical Force,2,Yes,FIR Registered - Under Investigation,Case reported to local police station; investigation ongoing.,Fully Synthetic (for ML training / MVP use only - not real incidents)
NGP-SYN-0746,Civil Lines,Zone II,Civil Lines,Fatal Road Accident (Rash Driving),High,Male,18-25,Evening (3-7 PM),Sunday,March,2024,Vehicle,1,Yes,Chargesheet Filed,Local police confirmed the incident; identity of accused not officially disclosed.,Fully Synthetic (for ML training / MVP use only - not real incidents)
NGP-SYN-0747,Friends Colony,Zone IV,Friends Colony,Assault,Medium,Male,26-35,Late Night (11 PM-4 AM),Thursday,January,2025,None/Physical Force,2,Yes,FIR Registered - Under Investigation,Case linked to a series of similar incidents in the area.,Fully Synthetic (for ML training / MVP use only - not real incidents)
NGP-SYN-0748,Gandhibagh,Zone III,Gandhibagh,Domestic Violence / Cruelty by Relatives,Medium,Female,18-25,Evening (3-7 PM),Wednesday,October,2024,Knife/Sharp Weapon,2,Yes,FIR Registered - Under Investigation,Incident logged in police records; no fatalities reported.,Fully Synthetic (for ML training / MVP use only - not real incidents)
NGP-SYN-0749,Dharampeth,Zone II,Dharampeth,House Break-in,Medium,Male,26-35,Evening (3-7 PM),Monday,September,2025,None,1,Yes,Under Trial,CCTV footage under review as part of investigation.,Fully Synthetic (for ML training / MVP use only - not real incidents)
NGP-SYN-0750,Civil Lines,Zone II,Civil Lines,Burglary,Medium,Female,26-35,Afternoon (11 AM-3 PM),Thursday,March,2025,None/Physical Force,1,Yes,Chargesheet Filed,Details limited in public record; case status as per station register.,Fully Synthetic (for ML training / MVP use only - not real incidents)
NGP-SYN-0751,Civil Lines,Zone II,Civil Lines,Burglary,Medium,Male,Under 18,Late Night (11 PM-4 AM),Wednesday,June,2025,Knife/Sharp Weapon,1,Yes,FIR Registered - Under Investigation,Case reported to local police station; investigation ongoing.,Fully Synthetic (for ML training / MVP use only - not real incidents)
NGP-SYN-0752,Mangalwari,Zone III,Mangalwari,Molestation,High,Not Specified,46-60,Evening (3-7 PM),Thursday,December,2024,None/Physical Force,1,Yes,Chargesheet Filed,Details limited in public record; case status as per station register.,Fully Synthetic (for ML training / MVP use only - not real incidents)
NGP-SYN-0753,Vayusena Nagar,Other,Vayusena Nagar,Domestic Violence / Cruelty by Relatives,Medium,Female,26-35,Late Night (11 PM-4 AM),Sunday,June,2026,None,4,No,Under Trial,Reported during routine beat patrolling; preventive action initiated in the locality.,Fully Synthetic (for ML training / MVP use only - not real incidents)
NGP-SYN-0754,Kotwali,Zone VI (Gandhibagh),Kotwali,Fatal Road Accident (Rash Driving),High,Male,26-35,Early Morning (4-7 AM),Wednesday,January,2023,Blunt Object,1,No,Under Trial,Incident logged in police records; no fatalities reported.,Fully Synthetic (for ML training / MVP use only - not real incidents)
NGP-SYN-0755,Kalmeshwar,Other,Kalmeshwar,House Break-in,Medium,Female,18-25,Evening (3-7 PM),Thursday,July,2023,None,2,Yes,Under Trial,Reported during routine beat patrolling; preventive action initiated in the locality.,Fully Synthetic (for ML training / MVP use only - not real incidents)
NGP-SYN-0756,Ganeshpeth,Zone VI (Gandhibagh),Ganeshpeth,Domestic Violence / Cruelty by Relatives,Medium,Female,18-25,Night (7-11 PM),Sunday,December,2025,None,1,Yes,FIR Registered - Under Investigation,FIR lodged based on victim complaint; no further public details available.,Fully Synthetic (for ML training / MVP use only - not real incidents)
NGP-SYN-0757,Pardi,Zone V,Pardi,Motor Vehicle Theft,Medium,Not Specified,26-35,Afternoon (11 AM-3 PM),Monday,December,2025,Blunt Object,2,Yes,Case Pending,Victim taken to nearby hospital for treatment.,Fully Synthetic (for ML training / MVP use only - not real incidents)
NGP-SYN-0758,Besa,Zone V,Besa,Chain Snatching,Medium,Female,26-35,Night (7-11 PM),Thursday,July,2026,Knife/Sharp Weapon,3,Yes,Under Trial,CCTV footage under review as part of investigation.,Fully Synthetic (for ML training / MVP use only - not real incidents)
NGP-SYN-0759,Giripeth,Zone II,Giripeth,Attempted Murder,High,Male,26-35,Evening (3-7 PM),Saturday,October,2024,Vehicle,3,Yes,Case Closed - Acquitted,Case registered under relevant sections of BNS; probe underway.,Fully Synthetic (for ML training / MVP use only - not real incidents)
NGP-SYN-0760,Pachpaoli,Zone VI (Gandhibagh),Pachpaoli,Cyber Fraud,Medium,Male,18-25,Afternoon (11 AM-3 PM),Thursday,November,2025,None/Physical Force,1,No,Case Closed - Convicted,Incident logged in police records; no fatalities reported.,Fully Synthetic (for ML training / MVP use only - not real incidents)
NGP-SYN-0761,Seminary Hills,Other,Seminary Hills,Domestic Violence / Cruelty by Relatives,Medium,Female,18-25,Late Night (11 PM-4 AM),Monday,November,2024,Knife/Sharp Weapon,3,No,FIR Registered - Under Investigation,Incident reported by area residents; police patrol increased subsequently.,Fully Synthetic (for ML training / MVP use only - not real incidents)
NGP-SYN-0762,Imambada,Zone VI (Gandhibagh),Imambada,Fraud,Medium,Male,26-35,Late Night (11 PM-4 AM),Sunday,February,2026,None,1,Yes,Under Trial,Neighbourhood watch flagged the incident; forwarded to local police station.,Fully Synthetic (for ML training / MVP use only - not real incidents)
NGP-SYN-0763,Sadar,Zone II,Sadar,Assault,Medium,Female,18-25,Night (7-11 PM),Friday,May,2024,None/Physical Force,Unknown,No,Case Closed - Convicted,Accused fled the scene; manhunt launched by local police.,Fully Synthetic (for ML training / MVP use only - not real incidents)
NGP-SYN-0764,Kotwali,Zone VI (Gandhibagh),Kotwali,Chain Snatching,Medium,Female,46-60,Early Morning (4-7 AM),Monday,July,2025,None,2,No,Under Trial,Neighbourhood watch flagged the incident; forwarded to local police station.,Fully Synthetic (for ML training / MVP use only - not real incidents)
NGP-SYN-0765,Dharampeth,Zone II,Dharampeth,Motor Vehicle Theft,Medium,Not Specified,46-60,Morning (7-11 AM),Thursday,March,2025,Blunt Object,1,Yes,Chargesheet Filed,Case linked to a series of similar incidents in the area.,Fully Synthetic (for ML training / MVP use only - not real incidents)
NGP-SYN-0766,Hawrapeth,Other,Hawrapeth,Theft,Low,Male,26-35,Afternoon (11 AM-3 PM),Saturday,February,2023,None,2,Yes,Chargesheet Filed,Reported during routine beat patrolling; preventive action initiated in the locality.,Fully Synthetic (for ML training / MVP use only - not real incidents)
NGP-SYN-0767,Trimurti Nagar,Zone I,Trimurti Nagar,Chain Snatching,Medium,Male,18-25,Evening (3-7 PM),Tuesday,May,2024,None/Physical Force,1,Yes,Chargesheet Filed,Accused fled the scene; manhunt launched by local police.,Fully Synthetic (for ML training / MVP use only - not real incidents)
NGP-SYN-0768,Sonegaon,Zone I,Sonegaon,Molestation,High,Female,36-45,Late Night (11 PM-4 AM),Thursday,November,2025,None/Physical Force,3,No,Case Closed - Convicted,Complaint filed at nearest police chowki; case under review.,Fully Synthetic (for ML training / MVP use only - not real incidents)
NGP-SYN-0769,Godhni,Zone V,Godhni,Murder,High,Female,46-60,Evening (3-7 PM),Tuesday,December,2026,Knife/Sharp Weapon,1,Yes,FIR Registered - Under Investigation,CCTV footage under review as part of investigation.,Fully Synthetic (for ML training / MVP use only - not real incidents)
NGP-SYN-0770,Seminary Hills,Other,Seminary Hills,Robbery,High,Male,36-45,Night (7-11 PM),Thursday,April,2025,Knife/Sharp Weapon,Unknown,Yes,Case Closed - Acquitted,Case registered under relevant sections of BNS; probe underway.,Fully Synthetic (for ML training / MVP use only - not real incidents)
NGP-SYN-0771,Mankapur,Other,Mankapur,Rioting,High,Female,36-45,Late Night (11 PM-4 AM),Friday,July,2025,None/Physical Force,2,No,Case Closed - Acquitted,Case registered under relevant sections of BNS; probe underway.,Fully Synthetic (for ML training / MVP use only - not real incidents)
NGP-SYN-0772,Pardi,Zone V,Pardi,Fraud,Medium,Male,26-35,Night (7-11 PM),Wednesday,May,2024,None,Unknown,No,Under Trial,Details limited in public record; case status as per station register.,Fully Synthetic (for ML training / MVP use only - not real incidents)
NGP-SYN-0773,Dharampeth,Zone II,Dharampeth,Extortion,Medium,Female,60+,Late Night (11 PM-4 AM),Thursday,November,2023,None/Physical Force,1,No,FIR Registered - Under Investigation,Victim taken to nearby hospital for treatment.,Fully Synthetic (for ML training / MVP use only - not real incidents)
NGP-SYN-0774,Gandhinagar,Other,Gandhinagar,Cybercrime (OTP/Loan App Fraud),Medium,Male,26-35,Night (7-11 PM),Sunday,February,2026,None,2,Yes,Under Trial,CCTV footage under review as part of investigation.,Fully Synthetic (for ML training / MVP use only - not real incidents)
NGP-SYN-0775,Pardi,Zone V,Pardi,Fraud,Medium,Male,26-35,Late Night (11 PM-4 AM),Saturday,October,2023,Blunt Object,2,No,FIR Registered - Under Investigation,FIR lodged based on victim complaint; no further public details available.,Fully Synthetic (for ML training / MVP use only - not real incidents)
NGP-SYN-0776,MIDC,Zone I,MIDC,Fatal Road Accident (Rash Driving),High,Female,36-45,Late Night (11 PM-4 AM),Sunday,March,2023,None/Physical Force,1,No,FIR Registered - Under Investigation,Incident reported by area residents; police patrol increased subsequently.,Fully Synthetic (for ML training / MVP use only - not real incidents)
NGP-SYN-0777,Pardi,Zone V,Pardi,House Break-in,Medium,Not Specified,26-35,Late Night (11 PM-4 AM),Thursday,March,2026,None/Physical Force,3,Yes,FIR Registered - Under Investigation,Victim taken to nearby hospital for treatment.,Fully Synthetic (for ML training / MVP use only - not real incidents)
NGP-SYN-0778,Gandhibagh,Zone III,Gandhibagh,Attempted Murder,High,Male,46-60,Morning (7-11 AM),Saturday,October,2026,None/Physical Force,Unknown,No,Case Pending,Neighbourhood watch flagged the incident; forwarded to local police station.,Fully Synthetic (for ML training / MVP use only - not real incidents)
NGP-SYN-0779,Ajni,Zone IV,Ajni,Rape,High,Female,18-25,Evening (3-7 PM),Friday,April,2023,Firearm,1,No,FIR Registered - Under Investigation,Incident reported by area residents; police patrol increased subsequently.,Fully Synthetic (for ML training / MVP use only - not real incidents)
NGP-SYN-0780,Sakkardara,Zone VI (Gandhibagh),Sakkardara,Mobile Phone Snatching,Low,Male,18-25,Evening (3-7 PM),Thursday,March,2026,None,1,Yes,FIR Registered - Under Investigation,Neighbourhood watch flagged the incident; forwarded to local police station.,Fully Synthetic (for ML training / MVP use only - not real incidents)
NGP-SYN-0781,Hingna,Zone I,Hingna,Murder,High,Not Specified,26-35,Early Morning (4-7 AM),Monday,May,2024,None/Physical Force,1,Yes,FIR Registered - Under Investigation,Complaint filed at nearest police chowki; case under review.,Fully Synthetic (for ML training / MVP use only - not real incidents)
NGP-SYN-0782,Trimurti Nagar,Zone I,Trimurti Nagar,Cyber Fraud,Medium,Male,18-25,Afternoon (11 AM-3 PM),Sunday,June,2026,None/Physical Force,Unknown,Yes,Chargesheet Filed,Complaint filed at nearest police chowki; case under review.,Fully Synthetic (for ML training / MVP use only - not real incidents)
NGP-SYN-0783,Ajni,Zone IV,Ajni,Domestic Violence / Cruelty by Relatives,Medium,Female,46-60,Late Night (11 PM-4 AM),Saturday,January,2024,Knife/Sharp Weapon,2,Yes,Absconding Accused,Local police confirmed the incident; identity of accused not officially disclosed.,Fully Synthetic (for ML training / MVP use only - not real incidents)
NGP-SYN-0784,Chaoni,Other,Chaoni,Illegal Liquor Trade,Low,Male,60+,Morning (7-11 AM),Wednesday,February,2026,None,2,Yes,Chargesheet Filed,Details limited in public record; case status as per station register.,Fully Synthetic (for ML training / MVP use only - not real incidents)
NGP-SYN-0785,Bajaj Nagar,Zone I,Bajaj Nagar,Cyber Fraud,Medium,Female,60+,Night (7-11 PM),Tuesday,January,2025,Blunt Object,1,Yes,Under Trial,Case reported to local police station; investigation ongoing.,Fully Synthetic (for ML training / MVP use only - not real incidents)
NGP-SYN-0786,Bajeria,Zone III,Bajeria,Assault,Medium,Female,26-35,Early Morning (4-7 AM),Friday,November,2025,None/Physical Force,3,Yes,Chargesheet Filed,FIR lodged based on victim complaint; no further public details available.,Fully Synthetic (for ML training / MVP use only - not real incidents)
NGP-SYN-0787,Tehsil,Zone VI (Gandhibagh),Tehsil,Domestic Violence / Cruelty by Relatives,Medium,Female,26-35,Late Night (11 PM-4 AM),Saturday,November,2026,None/Physical Force,3,No,FIR Registered - Under Investigation,Accused fled the scene; manhunt launched by local police.,Fully Synthetic (for ML training / MVP use only - not real incidents)
NGP-SYN-0788,Bhandewadi,Other,Bhandewadi,Cyber Fraud,Medium,Male,26-35,Night (7-11 PM),Tuesday,August,2023,Blunt Object,1,Yes,Chargesheet Filed,Neighbourhood watch flagged the incident; forwarded to local police station.,Fully Synthetic (for ML training / MVP use only - not real incidents)
NGP-SYN-0789,Dharampeth,Zone II,Dharampeth,Domestic Violence / Cruelty by Relatives,Medium,Female,26-35,Morning (7-11 AM),Thursday,September,2025,Blunt Object,2,No,FIR Registered - Under Investigation,Details limited in public record; case status as per station register.,Fully Synthetic (for ML training / MVP use only - not real incidents)
NGP-SYN-0790,Seminary Hills,Other,Seminary Hills,Motor Vehicle Theft,Medium,Female,46-60,Evening (3-7 PM),Monday,January,2026,None,2,No,Case Closed - Convicted,Details limited in public record; case status as per station register.,Fully Synthetic (for ML training / MVP use only - not real incidents)
NGP-SYN-0791,Manish Nagar,Zone IV,Manish Nagar,Burglary,Medium,Male,46-60,Evening (3-7 PM),Tuesday,June,2023,None,1,Yes,Under Trial,FIR lodged based on victim complaint; no further public details available.,Fully Synthetic (for ML training / MVP use only - not real incidents)
NGP-SYN-0792,Pipla,Zone V,Pipla,Cybercrime (OTP/Loan App Fraud),Medium,Female,26-35,Late Night (11 PM-4 AM),Tuesday,August,2025,None/Physical Force,1,No,Case Closed - Convicted,Complaint filed at nearest police chowki; case under review.,Fully Synthetic (for ML training / MVP use only - not real incidents)
NGP-SYN-0793,Gaddi Godam,Zone III,Gaddi Godam,Theft,Low,Male,26-35,Night (7-11 PM),Saturday,July,2023,None,2,No,FIR Registered - Under Investigation,Reported during routine beat patrolling; preventive action initiated in the locality.,Fully Synthetic (for ML training / MVP use only - not real incidents)
NGP-SYN-0794,Nandanvan,Zone IV,Nandanvan,Chain Snatching,Medium,Female,26-35,Morning (7-11 AM),Friday,February,2025,None/Physical Force,4,No,Chargesheet Filed,Case linked to a series of similar incidents in the area.,Fully Synthetic (for ML training / MVP use only - not real incidents)
NGP-SYN-0795,Nandanvan,Zone IV,Nandanvan,Motor Vehicle Theft,Medium,Not Specified,26-35,Night (7-11 PM),Friday,November,2026,Blunt Object,Unknown,No,Under Trial,Incident reported by area residents; police patrol increased subsequently.,Fully Synthetic (for ML training / MVP use only - not real incidents)
NGP-SYN-0796,Lakadganj,Zone VI (Gandhibagh),Lakadganj,Mobile Phone Snatching,Low,Male,36-45,Night (7-11 PM),Wednesday,November,2026,None,2,Yes,Case Pending,Local police confirmed the incident; identity of accused not officially disclosed.,Fully Synthetic (for ML training / MVP use only - not real incidents)
NGP-SYN-0797,Hudkeshwar,Zone IV,Hudkeshwar,NDPS (Narcotics),Medium,Male,26-35,Afternoon (11 AM-3 PM),Monday,January,2023,Blunt Object,2,Yes,Case Pending,Victim taken to nearby hospital for treatment.,Fully Synthetic (for ML training / MVP use only - not real incidents)
NGP-SYN-0798,Gokulpeth,Other,Gokulpeth,Motor Vehicle Theft,Medium,Female,Under 18,Evening (3-7 PM),Friday,February,2024,Blunt Object,2,Yes,Case Closed - Convicted,Incident reported by area residents; police patrol increased subsequently.,Fully Synthetic (for ML training / MVP use only - not real incidents)
NGP-SYN-0799,Gokulpeth,Other,Gokulpeth,Attempted Murder,High,Not Specified,26-35,Late Night (11 PM-4 AM),Friday,June,2024,None/Physical Force,1,No,Under Trial,Neighbourhood watch flagged the incident; forwarded to local police station.,Fully Synthetic (for ML training / MVP use only - not real incidents)
NGP-SYN-0800,Pachpaoli,Zone VI (Gandhibagh),Pachpaoli,Murder,High,Not Specified,36-45,Early Morning (4-7 AM),Monday,August,2025,Vehicle,2,No,Chargesheet Filed,Accused fled the scene; manhunt launched by local police.,Fully Synthetic (for ML training / MVP use only - not real incidents)
NGP-SYN-0801,Mominpura,Zone III,Mominpura,Extortion,Medium,Male,Under 18,Morning (7-11 AM),Tuesday,July,2023,None/Physical Force,1,No,FIR Registered - Under Investigation,Details limited in public record; case status as per station register.,Fully Synthetic (for ML training / MVP use only - not real incidents)
NGP-SYN-0802,Giripeth,Zone II,Giripeth,Robbery,High,Male,18-25,Evening (3-7 PM),Thursday,June,2024,Vehicle,3,No,Under Trial,Neighbourhood watch flagged the incident; forwarded to local police station.,Fully Synthetic (for ML training / MVP use only - not real incidents)
NGP-SYN-0803,Lakadganj,Zone VI (Gandhibagh),Lakadganj,Burglary,Medium,Male,46-60,Morning (7-11 AM),Monday,September,2024,None/Physical Force,3,Yes,FIR Registered - Under Investigation,Reported during routine beat patrolling; preventive action initiated in the locality.,Fully Synthetic (for ML training / MVP use only - not real incidents)
NGP-SYN-0804,Itwari,Zone III,Itwari,Chain Snatching,Medium,Female,60+,Late Night (11 PM-4 AM),Wednesday,December,2025,Blunt Object,1,Yes,Chargesheet Filed,Victim taken to nearby hospital for treatment.,Fully Synthetic (for ML training / MVP use only - not real incidents)
NGP-SYN-0805,Godhni,Zone V,Godhni,Attempted Murder,High,Female,26-35,Evening (3-7 PM),Wednesday,July,2024,Vehicle,Unknown,Yes,FIR Registered - Under Investigation,CCTV footage under review as part of investigation.,Fully Synthetic (for ML training / MVP use only - not real incidents)
NGP-SYN-0806,Suyog Nagar,Other,Suyog Nagar,Cyber Fraud,Medium,Male,36-45,Late Night (11 PM-4 AM),Thursday,March,2024,None,1,Yes,Under Trial,Local police confirmed the incident; identity of accused not officially disclosed.,Fully Synthetic (for ML training / MVP use only - not real incidents)
NGP-SYN-0807,Manish Nagar,Zone IV,Manish Nagar,Cyber Fraud,Medium,Male,18-25,Evening (3-7 PM),Tuesday,January,2024,None,2,No,Chargesheet Filed,Case reported to local police station; investigation ongoing.,Fully Synthetic (for ML training / MVP use only - not real incidents)
NGP-SYN-0808,Kalmeshwar,Other,Kalmeshwar,Attempted Murder,High,Male,26-35,Evening (3-7 PM),Friday,February,2023,Firearm,3,Yes,FIR Registered - Under Investigation,Local police confirmed the incident; identity of accused not officially disclosed.,Fully Synthetic (for ML training / MVP use only - not real incidents)
NGP-SYN-0809,Hudkeshwar,Zone IV,Hudkeshwar,Kidnapping,High,Female,36-45,Night (7-11 PM),Monday,April,2024,Firearm,3,Yes,FIR Registered - Under Investigation,Local police confirmed the incident; identity of accused not officially disclosed.,Fully Synthetic (for ML training / MVP use only - not real incidents)
NGP-SYN-0810,Gandhibagh,Zone III,Gandhibagh,Murder,High,Male,36-45,Night (7-11 PM),Saturday,July,2023,Blunt Object,1,Yes,Case Closed - Convicted,Victim taken to nearby hospital for treatment.,Fully Synthetic (for ML training / MVP use only - not real incidents)
NGP-SYN-0811,Giripeth,Zone II,Giripeth,Mobile Phone Snatching,Low,Male,26-35,Evening (3-7 PM),Saturday,November,2025,None,2,Yes,FIR Registered - Under Investigation,FIR lodged based on victim complaint; no further public details available.,Fully Synthetic (for ML training / MVP use only - not real incidents)
NGP-SYN-0812,Kalyan Nagar,Zone I,Kalyan Nagar,Burglary,Medium,Female,26-35,Evening (3-7 PM),Saturday,October,2024,None,1,No,Chargesheet Filed,Case linked to a series of similar incidents in the area.,Fully Synthetic (for ML training / MVP use only - not real incidents)
NGP-SYN-0813,Mangalwari,Zone III,Mangalwari,Cyber Fraud,Medium,Male,26-35,Evening (3-7 PM),Wednesday,July,2023,Knife/Sharp Weapon,Unknown,Yes,Case Closed - Convicted,Case registered under relevant sections of BNS; probe underway.,Fully Synthetic (for ML training / MVP use only - not real incidents)
NGP-SYN-0814,Seminary Hills,Other,Seminary Hills,Molestation,High,Not Specified,18-25,Evening (3-7 PM),Monday,November,2025,Firearm,1,Yes,Under Trial,Local police confirmed the incident; identity of accused not officially disclosed.,Fully Synthetic (for ML training / MVP use only - not real incidents)
NGP-SYN-0815,Gandhibagh,Zone III,Gandhibagh,Molestation,High,Female,60+,Evening (3-7 PM),Wednesday,September,2024,None/Physical Force,1,Yes,Case Closed - Acquitted,Case reported to local police station; investigation ongoing.,Fully Synthetic (for ML training / MVP use only - not real incidents)
NGP-SYN-0816,Ganeshpeth,Zone VI (Gandhibagh),Ganeshpeth,House Break-in,Medium,Female,Under 18,Late Night (11 PM-4 AM),Wednesday,October,2024,None,Unknown,Yes,Case Pending,Local police confirmed the incident; identity of accused not officially disclosed.,Fully Synthetic (for ML training / MVP use only - not real incidents)
NGP-SYN-0817,Hingna,Zone I,Hingna,Motor Vehicle Theft,Medium,Male,26-35,Evening (3-7 PM),Monday,December,2026,None,1,No,FIR Registered - Under Investigation,Incident logged in police records; no fatalities reported.,Fully Synthetic (for ML training / MVP use only - not real incidents)
NGP-SYN-0818,Ajni,Zone IV,Ajni,Burglary,Medium,Not Specified,36-45,Night (7-11 PM),Wednesday,February,2026,Knife/Sharp Weapon,1,Yes,Case Closed - Acquitted,Accused fled the scene; manhunt launched by local police.,Fully Synthetic (for ML training / MVP use only - not real incidents)
NGP-SYN-0819,Bajaj Nagar,Zone I,Bajaj Nagar,Mobile Phone Snatching,Low,Male,26-35,Late Night (11 PM-4 AM),Monday,October,2023,None,Unknown,Yes,Under Trial,Case linked to a series of similar incidents in the area.,Fully Synthetic (for ML training / MVP use only - not real incidents)
NGP-SYN-0820,MIDC,Zone I,MIDC,Cyber Fraud,Medium,Not Specified,18-25,Morning (7-11 AM),Sunday,February,2026,None,1,Yes,Case Closed - Convicted,Incident logged in police records; no fatalities reported.,Fully Synthetic (for ML training / MVP use only - not real incidents)
NGP-SYN-0821,Suyog Nagar,Other,Suyog Nagar,Motor Vehicle Theft,Medium,Male,26-35,Late Night (11 PM-4 AM),Tuesday,December,2023,None,1,No,Chargesheet Filed,Incident reported by area residents; police patrol increased subsequently.,Fully Synthetic (for ML training / MVP use only - not real incidents)
NGP-SYN-0822,Pachpaoli,Zone VI (Gandhibagh),Pachpaoli,Burglary,Medium,Not Specified,36-45,Late Night (11 PM-4 AM),Saturday,March,2025,Blunt Object,1,Yes,Under Trial,FIR lodged based on victim complaint; no further public details available.,Fully Synthetic (for ML training / MVP use only - not real incidents)
NGP-SYN-0823,Ajni,Zone IV,Ajni,Extortion,Medium,Female,46-60,Morning (7-11 AM),Wednesday,March,2026,Knife/Sharp Weapon,1,No,Chargesheet Filed,FIR lodged based on victim complaint; no further public details available.,Fully Synthetic (for ML training / MVP use only - not real incidents)
NGP-SYN-0824,Pratap Nagar,Zone I,Pratap Nagar,Chain Snatching,Medium,Female,Under 18,Morning (7-11 AM),Monday,July,2024,None/Physical Force,Unknown,Yes,FIR Registered - Under Investigation,Case linked to a series of similar incidents in the area.,Fully Synthetic (for ML training / MVP use only - not real incidents)
NGP-SYN-0825,Ramdaspeth,Zone II,Ramdaspeth,Fatal Road Accident (Rash Driving),High,Not Specified,36-45,Early Morning (4-7 AM),Monday,July,2024,Vehicle,Unknown,No,FIR Registered - Under Investigation,Incident reported by area residents; police patrol increased subsequently.,Fully Synthetic (for ML training / MVP use only - not real incidents)
NGP-SYN-0826,Gaddi Godam,Zone III,Gaddi Godam,Domestic Violence / Cruelty by Relatives,Medium,Not Specified,26-35,Morning (7-11 AM),Wednesday,May,2026,None,1,No,Under Trial,Complaint filed at nearest police chowki; case under review.,Fully Synthetic (for ML training / MVP use only - not real incidents)
NGP-SYN-0827,Seminary Hills,Other,Seminary Hills,Burglary,Medium,Male,18-25,Night (7-11 PM),Sunday,June,2026,None,Unknown,No,Chargesheet Filed,Accused fled the scene; manhunt launched by local police.,Fully Synthetic (for ML training / MVP use only - not real incidents)
NGP-SYN-0828,Subhash Nagar,Zone I,Subhash Nagar,Chain Snatching,Medium,Male,26-35,Late Night (11 PM-4 AM),Tuesday,July,2024,Blunt Object,1,No,Under Trial,FIR lodged based on victim complaint; no further public details available.,Fully Synthetic (for ML training / MVP use only - not real incidents)
NGP-SYN-0829,Shraddhanand Peth,Zone II,Shraddhanand Peth,House Break-in,Medium,Female,36-45,Late Night (11 PM-4 AM),Sunday,March,2024,None/Physical Force,1,Yes,Case Closed - Convicted,Neighbourhood watch flagged the incident; forwarded to local police station.,Fully Synthetic (for ML training / MVP use only - not real incidents)
NGP-SYN-0830,Gitti Khadan,Zone III,Gitti Khadan,Attempted Murder,High,Male,26-35,Afternoon (11 AM-3 PM),Sunday,June,2024,Blunt Object,3,Yes,FIR Registered - Under Investigation,Accused fled the scene; manhunt launched by local police.,Fully Synthetic (for ML training / MVP use only - not real incidents)
NGP-SYN-0831,Kotwali,Zone VI (Gandhibagh),Kotwali,Robbery,High,Male,26-35,Morning (7-11 AM),Friday,August,2025,Blunt Object,1,Yes,Under Trial,Incident logged in police records; no fatalities reported.,Fully Synthetic (for ML training / MVP use only - not real incidents)
NGP-SYN-0832,Pardi,Zone V,Pardi,Fraud,Medium,Female,60+,Night (7-11 PM),Wednesday,July,2024,Blunt Object,2,Yes,Chargesheet Filed,Victim taken to nearby hospital for treatment.,Fully Synthetic (for ML training / MVP use only - not real incidents)
NGP-SYN-0833,Sonegaon,Zone I,Sonegaon,Cyber Fraud,Medium,Not Specified,26-35,Evening (3-7 PM),Saturday,October,2026,Blunt Object,3,Yes,Chargesheet Filed,Neighbourhood watch flagged the incident; forwarded to local police station.,Fully Synthetic (for ML training / MVP use only - not real incidents)
NGP-SYN-0834,Giripeth,Zone II,Giripeth,Grievous Hurt,High,Male,36-45,Afternoon (11 AM-3 PM),Monday,January,2025,Blunt Object,2,Yes,FIR Registered - Under Investigation,Case linked to a series of similar incidents in the area.,Fully Synthetic (for ML training / MVP use only - not real incidents)
NGP-SYN-0835,Jaitala,Other,Jaitala,Burglary,Medium,Not Specified,Under 18,Morning (7-11 AM),Sunday,February,2024,Blunt Object,1,No,Under Trial,Local police confirmed the incident; identity of accused not officially disclosed.,Fully Synthetic (for ML training / MVP use only - not real incidents)
NGP-SYN-0836,Dharampeth,Zone II,Dharampeth,Robbery,High,Not Specified,18-25,Afternoon (11 AM-3 PM),Tuesday,September,2026,Knife/Sharp Weapon,1,Yes,FIR Registered - Under Investigation,Neighbourhood watch flagged the incident; forwarded to local police station.,Fully Synthetic (for ML training / MVP use only - not real incidents)
NGP-SYN-0837,Jaripatka,Zone V,Jaripatka,Domestic Violence / Cruelty by Relatives,Medium,Female,36-45,Night (7-11 PM),Thursday,June,2026,Blunt Object,Unknown,No,Under Trial,FIR lodged based on victim complaint; no further public details available.,Fully Synthetic (for ML training / MVP use only - not real incidents)
NGP-SYN-0838,Shraddhanand Peth,Zone II,Shraddhanand Peth,House Break-in,Medium,Male,26-35,Afternoon (11 AM-3 PM),Thursday,January,2025,Knife/Sharp Weapon,Unknown,Yes,FIR Registered - Under Investigation,Details limited in public record; case status as per station register.,Fully Synthetic (for ML training / MVP use only - not real incidents)
NGP-SYN-0839,Manish Nagar,Zone IV,Manish Nagar,Motor Vehicle Theft,Medium,Female,Under 18,Afternoon (11 AM-3 PM),Wednesday,July,2024,Knife/Sharp Weapon,1,Yes,Chargesheet Filed,Complaint filed at nearest police chowki; case under review.,Fully Synthetic (for ML training / MVP use only - not real incidents)
NGP-SYN-0840,Imambada,Zone VI (Gandhibagh),Imambada,Motor Vehicle Theft,Medium,Female,18-25,Late Night (11 PM-4 AM),Friday,December,2024,None/Physical Force,3,Yes,FIR Registered - Under Investigation,Neighbourhood watch flagged the incident; forwarded to local police station.,Fully Synthetic (for ML training / MVP use only - not real incidents)
NGP-SYN-0841,Kapil Nagar,Zone V,Kapil Nagar,Mobile Phone Snatching,Low,Female,36-45,Early Morning (4-7 AM),Thursday,September,2026,None,2,Yes,FIR Registered - Under Investigation,Incident logged in police records; no fatalities reported.,Fully Synthetic (for ML training / MVP use only - not real incidents)
NGP-SYN-0842,Beltarodi,Zone IV,Beltarodi,Burglary,Medium,Male,26-35,Night (7-11 PM),Thursday,July,2023,Knife/Sharp Weapon,4,Yes,Chargesheet Filed,CCTV footage under review as part of investigation.,Fully Synthetic (for ML training / MVP use only - not real incidents)
NGP-SYN-0843,Civil Lines,Zone II,Civil Lines,Chain Snatching,Medium,Female,26-35,Late Night (11 PM-4 AM),Friday,December,2026,Blunt Object,3,Yes,FIR Registered - Under Investigation,Case linked to a series of similar incidents in the area.,Fully Synthetic (for ML training / MVP use only - not real incidents)
NGP-SYN-0844,Ramdaspeth,Zone II,Ramdaspeth,Burglary,Medium,Male,46-60,Afternoon (11 AM-3 PM),Wednesday,May,2023,Blunt Object,2,Yes,Under Trial,Case registered under relevant sections of BNS; probe underway.,Fully Synthetic (for ML training / MVP use only - not real incidents)
NGP-SYN-0845,Pratap Nagar,Zone I,Pratap Nagar,Domestic Violence / Cruelty by Relatives,Medium,Female,36-45,Afternoon (11 AM-3 PM),Thursday,June,2025,Blunt Object,2,Yes,FIR Registered - Under Investigation,Victim taken to nearby hospital for treatment.,Fully Synthetic (for ML training / MVP use only - not real incidents)
NGP-SYN-0846,MIDC,Zone I,MIDC,Burglary,Medium,Not Specified,26-35,Evening (3-7 PM),Saturday,October,2024,None,Unknown,No,Absconding Accused,Case registered under relevant sections of BNS; probe underway.,Fully Synthetic (for ML training / MVP use only - not real incidents)
NGP-SYN-0847,Pachpaoli,Zone VI (Gandhibagh),Pachpaoli,Theft,Low,Not Specified,60+,Night (7-11 PM),Thursday,September,2023,None,1,No,Chargesheet Filed,Details limited in public record; case status as per station register.,Fully Synthetic (for ML training / MVP use only - not real incidents)
NGP-SYN-0848,Bhandewadi,Other,Bhandewadi,Burglary,Medium,Male,26-35,Morning (7-11 AM),Sunday,July,2025,None,1,Yes,Under Trial,Incident reported by area residents; police patrol increased subsequently.,Fully Synthetic (for ML training / MVP use only - not real incidents)
NGP-SYN-0849,Friends Colony,Zone IV,Friends Colony,Fatal Road Accident (Rash Driving),High,Not Specified,26-35,Late Night (11 PM-4 AM),Sunday,July,2025,Firearm,1,Yes,Case Closed - Convicted,Victim taken to nearby hospital for treatment.,Fully Synthetic (for ML training / MVP use only - not real incidents)
NGP-SYN-0850,Ravi Nagar,Zone II,Ravi Nagar,Domestic Violence / Cruelty by Relatives,Medium,Female,18-25,Night (7-11 PM),Tuesday,July,2024,Blunt Object,2,Yes,Absconding Accused,Case registered under relevant sections of BNS; probe underway.,Fully Synthetic (for ML training / MVP use only - not real incidents)
NGP-SYN-0851,Byramji Town,Other,Byramji Town,Robbery,High,Male,36-45,Evening (3-7 PM),Wednesday,June,2026,None/Physical Force,2,Yes,Case Closed - Convicted,Details limited in public record; case status as per station register.,Fully Synthetic (for ML training / MVP use only - not real incidents)
NGP-SYN-0852,Beltarodi,Zone IV,Beltarodi,Burglary,Medium,Female,18-25,Afternoon (11 AM-3 PM),Friday,October,2023,None/Physical Force,1,No,Chargesheet Filed,Reported during routine beat patrolling; preventive action initiated in the locality.,Fully Synthetic (for ML training / MVP use only - not real incidents)
NGP-SYN-0853,Wadi,Zone I,Wadi,Domestic Violence / Cruelty by Relatives,Medium,Female,46-60,Late Night (11 PM-4 AM),Sunday,August,2025,None/Physical Force,Unknown,Yes,Under Trial,FIR lodged based on victim complaint; no further public details available.,Fully Synthetic (for ML training / MVP use only - not real incidents)
NGP-SYN-0854,Wadi,Zone I,Wadi,Theft,Low,Not Specified,26-35,Night (7-11 PM),Wednesday,February,2026,None,Unknown,No,Chargesheet Filed,Incident reported by area residents; police patrol increased subsequently.,Fully Synthetic (for ML training / MVP use only - not real incidents)
NGP-SYN-0855,Manish Nagar,Zone IV,Manish Nagar,Mobile Phone Snatching,Low,Not Specified,60+,Evening (3-7 PM),Friday,May,2023,None,1,Yes,Chargesheet Filed,Case linked to a series of similar incidents in the area.,Fully Synthetic (for ML training / MVP use only - not real incidents)
NGP-SYN-0856,Trimurti Nagar,Zone I,Trimurti Nagar,Kidnapping,High,Male,26-35,Evening (3-7 PM),Wednesday,January,2026,Vehicle,1,No,Under Trial,Details limited in public record; case status as per station register.,Fully Synthetic (for ML training / MVP use only - not real incidents)
NGP-SYN-0857,Mominpura,Zone III,Mominpura,House Break-in,Medium,Male,26-35,Night (7-11 PM),Thursday,October,2023,None/Physical Force,Unknown,No,FIR Registered - Under Investigation,Reported during routine beat patrolling; preventive action initiated in the locality.,Fully Synthetic (for ML training / MVP use only - not real incidents)
NGP-SYN-0858,Pardi,Zone V,Pardi,Rape,High,Female,46-60,Night (7-11 PM),Wednesday,August,2023,Knife/Sharp Weapon,2,Yes,Case Closed - Convicted,Details limited in public record; case status as per station register.,Fully Synthetic (for ML training / MVP use only - not real incidents)
NGP-SYN-0859,Hudkeshwar,Zone IV,Hudkeshwar,Cyber Fraud,Medium,Male,60+,Late Night (11 PM-4 AM),Tuesday,February,2024,Knife/Sharp Weapon,2,Yes,FIR Registered - Under Investigation,CCTV footage under review as part of investigation.,Fully Synthetic (for ML training / MVP use only - not real incidents)
NGP-SYN-0860,Gandhinagar,Other,Gandhinagar,Fraud,Medium,Female,26-35,Early Morning (4-7 AM),Wednesday,May,2024,None/Physical Force,Unknown,Yes,Under Trial,Neighbourhood watch flagged the incident; forwarded to local police station.,Fully Synthetic (for ML training / MVP use only - not real incidents)
NGP-SYN-0861,Jaripatka,Zone V,Jaripatka,Cattle Theft,Low,Male,18-25,Late Night (11 PM-4 AM),Monday,July,2025,None,1,Yes,Under Trial,Accused fled the scene; manhunt launched by local police.,Fully Synthetic (for ML training / MVP use only - not real incidents)
NGP-SYN-0862,Kalyan Nagar,Zone I,Kalyan Nagar,Cyber Fraud,Medium,Male,18-25,Morning (7-11 AM),Friday,August,2025,Knife/Sharp Weapon,1,Yes,FIR Registered - Under Investigation,Neighbourhood watch flagged the incident; forwarded to local police station.,Fully Synthetic (for ML training / MVP use only - not real incidents)
NGP-SYN-0863,Tehsil,Zone VI (Gandhibagh),Tehsil,Cyber Fraud,Medium,Male,18-25,Afternoon (11 AM-3 PM),Thursday,September,2023,None/Physical Force,1,Yes,FIR Registered - Under Investigation,FIR lodged based on victim complaint; no further public details available.,Fully Synthetic (for ML training / MVP use only - not real incidents)
NGP-SYN-0864,Beltarodi,Zone IV,Beltarodi,Eve Teasing / Harassment,Low,Not Specified,60+,Early Morning (4-7 AM),Sunday,September,2023,None,1,Yes,Case Closed - Acquitted,Local police confirmed the incident; identity of accused not officially disclosed.,Fully Synthetic (for ML training / MVP use only - not real incidents)
NGP-SYN-0865,Sitabuldi,Zone III,Sitabuldi,Illegal Weapons Possession,Medium,Male,18-25,Morning (7-11 AM),Wednesday,July,2024,None,1,Yes,FIR Registered - Under Investigation,CCTV footage under review as part of investigation.,Fully Synthetic (for ML training / MVP use only - not real incidents)
NGP-SYN-0866,Gokulpeth,Other,Gokulpeth,Cyber Fraud,Medium,Male,Under 18,Afternoon (11 AM-3 PM),Monday,March,2023,Knife/Sharp Weapon,Unknown,Yes,Case Closed - Acquitted,Case registered under relevant sections of BNS; probe underway.,Fully Synthetic (for ML training / MVP use only - not real incidents)
NGP-SYN-0867,Friends Colony,Zone IV,Friends Colony,Robbery,High,Male,36-45,Morning (7-11 AM),Sunday,October,2026,Vehicle,1,Yes,Case Closed - Convicted,Details limited in public record; case status as per station register.,Fully Synthetic (for ML training / MVP use only - not real incidents)
NGP-SYN-0868,Godhni,Zone V,Godhni,Motor Vehicle Theft,Medium,Female,26-35,Evening (3-7 PM),Monday,September,2026,Knife/Sharp Weapon,1,Yes,Chargesheet Filed,Details limited in public record; case status as per station register.,Fully Synthetic (for ML training / MVP use only - not real incidents)
NGP-SYN-0869,Seminary Hills,Other,Seminary Hills,Cybercrime (OTP/Loan App Fraud),Medium,Male,36-45,Evening (3-7 PM),Saturday,March,2024,Blunt Object,1,No,Case Closed - Convicted,Complaint filed at nearest police chowki; case under review.,Fully Synthetic (for ML training / MVP use only - not real incidents)
NGP-SYN-0870,Vayusena Nagar,Other,Vayusena Nagar,Theft,Low,Not Specified,18-25,Night (7-11 PM),Thursday,March,2023,None,1,Yes,Under Trial,Case reported to local police station; investigation ongoing.,Fully Synthetic (for ML training / MVP use only - not real incidents)
NGP-SYN-0871,Pardi,Zone V,Pardi,Robbery,High,Male,26-35,Early Morning (4-7 AM),Wednesday,May,2024,Blunt Object,2,Yes,Under Trial,Incident reported by area residents; police patrol increased subsequently.,Fully Synthetic (for ML training / MVP use only - not real incidents)
NGP-SYN-0872,Gandhibagh,Zone III,Gandhibagh,Robbery,High,Female,36-45,Afternoon (11 AM-3 PM),Tuesday,July,2026,Firearm,1,Yes,Chargesheet Filed,Case reported to local police station; investigation ongoing.,Fully Synthetic (for ML training / MVP use only - not real incidents)
NGP-SYN-0873,Sadar,Zone II,Sadar,Fraud,Medium,Female,26-35,Afternoon (11 AM-3 PM),Friday,March,2023,None,1,Yes,Chargesheet Filed,Complaint filed at nearest police chowki; case under review.,Fully Synthetic (for ML training / MVP use only - not real incidents)
NGP-SYN-0874,Khaparkheda,Other,Khaparkheda,Fraud,Medium,Male,26-35,Evening (3-7 PM),Sunday,March,2024,None,1,Yes,Case Closed - Convicted,Reported during routine beat patrolling; preventive action initiated in the locality.,Fully Synthetic (for ML training / MVP use only - not real incidents)
NGP-SYN-0875,Chaoni,Other,Chaoni,Cyber Fraud,Medium,Male,18-25,Night (7-11 PM),Tuesday,September,2024,None/Physical Force,Unknown,Yes,Case Pending,Reported during routine beat patrolling; preventive action initiated in the locality.,Fully Synthetic (for ML training / MVP use only - not real incidents)
NGP-SYN-0876,Kapil Nagar,Zone V,Kapil Nagar,Motor Vehicle Theft,Medium,Not Specified,46-60,Night (7-11 PM),Friday,May,2024,None,Unknown,No,FIR Registered - Under Investigation,Reported during routine beat patrolling; preventive action initiated in the locality.,Fully Synthetic (for ML training / MVP use only - not real incidents)
NGP-SYN-0877,Byramji Town,Other,Byramji Town,Mobile Phone Snatching,Low,Male,46-60,Morning (7-11 AM),Sunday,November,2025,None,2,Yes,Case Closed - Convicted,Incident logged in police records; no fatalities reported.,Fully Synthetic (for ML training / MVP use only - not real incidents)
NGP-SYN-0878,Bajeria,Zone III,Bajeria,House Break-in,Medium,Female,18-25,Late Night (11 PM-4 AM),Tuesday,February,2026,Blunt Object,1,Yes,FIR Registered - Under Investigation,Victim taken to nearby hospital for treatment.,Fully Synthetic (for ML training / MVP use only - not real incidents)
NGP-SYN-0879,MIDC,Zone I,MIDC,Human Trafficking,High,Female,36-45,Late Night (11 PM-4 AM),Saturday,November,2024,Firearm,2,Yes,Case Closed - Convicted,Neighbourhood watch flagged the incident; forwarded to local police station.,Fully Synthetic (for ML training / MVP use only - not real incidents)
NGP-SYN-0880,Itwari,Zone III,Itwari,Fraud,Medium,Male,26-35,Early Morning (4-7 AM),Saturday,August,2026,Knife/Sharp Weapon,Unknown,No,Chargesheet Filed,Reported during routine beat patrolling; preventive action initiated in the locality.,Fully Synthetic (for ML training / MVP use only - not real incidents)
NGP-SYN-0881,Suyog Nagar,Other,Suyog Nagar,Theft,Low,Not Specified,18-25,Night (7-11 PM),Thursday,April,2024,None,3,Yes,Under Trial,Complaint filed at nearest police chowki; case under review.,Fully Synthetic (for ML training / MVP use only - not real incidents)
NGP-SYN-0882,Gaddi Godam,Zone III,Gaddi Godam,Assault,Medium,Male,26-35,Late Night (11 PM-4 AM),Saturday,August,2025,None/Physical Force,2,Yes,Under Trial,Neighbourhood watch flagged the incident; forwarded to local police station.,Fully Synthetic (for ML training / MVP use only - not real incidents)
NGP-SYN-0883,Bajeria,Zone III,Bajeria,Fraud,Medium,Male,26-35,Late Night (11 PM-4 AM),Thursday,September,2025,None/Physical Force,3,No,Case Pending,Complaint filed at nearest police chowki; case under review.,Fully Synthetic (for ML training / MVP use only - not real incidents)
NGP-SYN-0884,Bajaj Nagar,Zone I,Bajaj Nagar,Mobile Phone Snatching,Low,Female,46-60,Night (7-11 PM),Friday,January,2024,None,1,No,Chargesheet Filed,Incident logged in police records; no fatalities reported.,Fully Synthetic (for ML training / MVP use only - not real incidents)
NGP-SYN-0885,Gaddi Godam,Zone III,Gaddi Godam,Theft,Low,Not Specified,18-25,Morning (7-11 AM),Monday,October,2026,None,1,Yes,Chargesheet Filed,Reported during routine beat patrolling; preventive action initiated in the locality.,Fully Synthetic (for ML training / MVP use only - not real incidents)
NGP-SYN-0886,Suyog Nagar,Other,Suyog Nagar,Theft,Low,Male,46-60,Night (7-11 PM),Friday,July,2024,None,1,Yes,Case Closed - Convicted,Case registered under relevant sections of BNS; probe underway.,Fully Synthetic (for ML training / MVP use only - not real incidents)
NGP-SYN-0887,Sadar,Zone II,Sadar,Chain Snatching,Medium,Male,26-35,Evening (3-7 PM),Saturday,July,2024,None,1,Yes,Chargesheet Filed,Reported during routine beat patrolling; preventive action initiated in the locality.,Fully Synthetic (for ML training / MVP use only - not real incidents)
NGP-SYN-0888,Dharampeth,Zone II,Dharampeth,Mobile Phone Snatching,Low,Female,26-35,Afternoon (11 AM-3 PM),Wednesday,September,2025,None,3,Yes,FIR Registered - Under Investigation,Local police confirmed the incident; identity of accused not officially disclosed.,Fully Synthetic (for ML training / MVP use only - not real incidents)
NGP-SYN-0889,Friends Colony,Zone IV,Friends Colony,Motor Vehicle Theft,Medium,Male,46-60,Evening (3-7 PM),Thursday,July,2023,Knife/Sharp Weapon,2,Yes,Under Trial,Reported during routine beat patrolling; preventive action initiated in the locality.,Fully Synthetic (for ML training / MVP use only - not real incidents)
NGP-SYN-0890,Tehsil,Zone VI (Gandhibagh),Tehsil,Fraud,Medium,Female,26-35,Evening (3-7 PM),Friday,May,2025,None,2,Yes,FIR Registered - Under Investigation,Incident reported by area residents; police patrol increased subsequently.,Fully Synthetic (for ML training / MVP use only - not real incidents)
NGP-SYN-0891,Manish Nagar,Zone IV,Manish Nagar,Cyber Fraud,Medium,Not Specified,60+,Evening (3-7 PM),Friday,December,2025,Blunt Object,2,Yes,FIR Registered - Under Investigation,Complaint filed at nearest police chowki; case under review.,Fully Synthetic (for ML training / MVP use only - not real incidents)
NGP-SYN-0892,Sonegaon,Zone I,Sonegaon,Mobile Phone Snatching,Low,Male,26-35,Afternoon (11 AM-3 PM),Friday,November,2025,None,Unknown,No,FIR Registered - Under Investigation,Local police confirmed the incident; identity of accused not officially disclosed.,Fully Synthetic (for ML training / MVP use only - not real incidents)
NGP-SYN-0893,Mangalwari,Zone III,Mangalwari,Illegal Weapons Possession,Medium,Male,Under 18,Evening (3-7 PM),Monday,September,2024,Blunt Object,2,No,Chargesheet Filed,FIR lodged based on victim complaint; no further public details available.,Fully Synthetic (for ML training / MVP use only - not real incidents)
NGP-SYN-0894,Seminary Hills,Other,Seminary Hills,Cyber Fraud,Medium,Male,26-35,Night (7-11 PM),Wednesday,June,2026,None,1,Yes,Case Closed - Convicted,Reported during routine beat patrolling; preventive action initiated in the locality.,Fully Synthetic (for ML training / MVP use only - not real incidents)
NGP-SYN-0895,Wardhaman Nagar,Zone IV,Wardhaman Nagar,Attempted Murder,High,Not Specified,46-60,Early Morning (4-7 AM),Sunday,October,2026,Vehicle,4,Yes,FIR Registered - Under Investigation,Incident logged in police records; no fatalities reported.,Fully Synthetic (for ML training / MVP use only - not real incidents)
NGP-SYN-0896,Wadi,Zone I,Wadi,Assault,Medium,Female,18-25,Night (7-11 PM),Wednesday,June,2026,None/Physical Force,3,Yes,Under Trial,Details limited in public record; case status as per station register.,Fully Synthetic (for ML training / MVP use only - not real incidents)
NGP-SYN-0897,Manish Nagar,Zone IV,Manish Nagar,Theft,Low,Male,26-35,Late Night (11 PM-4 AM),Thursday,September,2024,None,1,No,FIR Registered - Under Investigation,Case reported to local police station; investigation ongoing.,Fully Synthetic (for ML training / MVP use only - not real incidents)
NGP-SYN-0898,Ramdaspeth,Zone II,Ramdaspeth,Extortion,Medium,Male,46-60,Evening (3-7 PM),Saturday,January,2025,None,3,No,Chargesheet Filed,FIR lodged based on victim complaint; no further public details available.,Fully Synthetic (for ML training / MVP use only - not real incidents)
NGP-SYN-0899,Kalyan Nagar,Zone I,Kalyan Nagar,Motor Vehicle Theft,Medium,Male,18-25,Afternoon (11 AM-3 PM),Wednesday,October,2024,Blunt Object,3,Yes,FIR Registered - Under Investigation,CCTV footage under review as part of investigation.,Fully Synthetic (for ML training / MVP use only - not real incidents)
NGP-SYN-0900,Shraddhanand Peth,Zone II,Shraddhanand Peth,Burglary,Medium,Female,36-45,Morning (7-11 AM),Friday,July,2026,None/Physical Force,1,Yes,Under Trial,Local police confirmed the incident; identity of accused not officially disclosed.,Fully Synthetic (for ML training / MVP use only - not real incidents)
NGP-SYN-0901,Sakkardara,Zone VI (Gandhibagh),Sakkardara,Burglary,Medium,Male,60+,Late Night (11 PM-4 AM),Wednesday,September,2024,None,Unknown,Yes,Under Trial,Neighbourhood watch flagged the incident; forwarded to local police station.,Fully Synthetic (for ML training / MVP use only - not real incidents)
NGP-SYN-0902,Beltarodi,Zone IV,Beltarodi,Cyber Fraud,Medium,Male,18-25,Night (7-11 PM),Saturday,August,2024,None/Physical Force,1,No,Chargesheet Filed,Case reported to local police station; investigation ongoing.,Fully Synthetic (for ML training / MVP use only - not real incidents)
NGP-SYN-0903,Wardhaman Nagar,Zone IV,Wardhaman Nagar,Mobile Phone Snatching,Low,Male,46-60,Early Morning (4-7 AM),Friday,October,2026,None,1,Yes,Chargesheet Filed,Complaint filed at nearest police chowki; case under review.,Fully Synthetic (for ML training / MVP use only - not real incidents)
NGP-SYN-0904,Tehsil,Zone VI (Gandhibagh),Tehsil,Cyber Fraud,Medium,Not Specified,18-25,Night (7-11 PM),Sunday,January,2026,None,2,Yes,FIR Registered - Under Investigation,FIR lodged based on victim complaint; no further public details available.,Fully Synthetic (for ML training / MVP use only - not real incidents)
NGP-SYN-0905,Ravi Nagar,Zone II,Ravi Nagar,Burglary,Medium,Male,36-45,Night (7-11 PM),Monday,July,2023,Knife/Sharp Weapon,2,Yes,Under Trial,Case registered under relevant sections of BNS; probe underway.,Fully Synthetic (for ML training / MVP use only - not real incidents)
NGP-SYN-0906,Sakkardara,Zone VI (Gandhibagh),Sakkardara,Grievous Hurt,High,Male,26-35,Morning (7-11 AM),Tuesday,December,2023,None/Physical Force,1,No,Under Trial,Incident logged in police records; no fatalities reported.,Fully Synthetic (for ML training / MVP use only - not real incidents)
NGP-SYN-0907,MIDC,Zone I,MIDC,NDPS (Narcotics),Medium,Male,Under 18,Late Night (11 PM-4 AM),Wednesday,May,2025,Blunt Object,2,No,Chargesheet Filed,Incident reported by area residents; police patrol increased subsequently.,Fully Synthetic (for ML training / MVP use only - not real incidents)
NGP-SYN-0908,Kotwali,Zone VI (Gandhibagh),Kotwali,Mobile Phone Snatching,Low,Male,46-60,Morning (7-11 AM),Wednesday,June,2023,None,2,Yes,FIR Registered - Under Investigation,Case registered under relevant sections of BNS; probe underway.,Fully Synthetic (for ML training / MVP use only - not real incidents)
NGP-SYN-0909,Bajaj Nagar,Zone I,Bajaj Nagar,Extortion,Medium,Male,60+,Evening (3-7 PM),Friday,April,2023,None/Physical Force,2,Yes,FIR Registered - Under Investigation,Incident reported by area residents; police patrol increased subsequently.,Fully Synthetic (for ML training / MVP use only - not real incidents)
NGP-SYN-0910,Sonegaon,Zone I,Sonegaon,Chain Snatching,Medium,Female,36-45,Late Night (11 PM-4 AM),Friday,March,2023,None/Physical Force,1,Yes,Case Pending,Accused fled the scene; manhunt launched by local police.,Fully Synthetic (for ML training / MVP use only - not real incidents)
NGP-SYN-0911,Vayusena Nagar,Other,Vayusena Nagar,Cyber Fraud,Medium,Not Specified,26-35,Afternoon (11 AM-3 PM),Wednesday,February,2025,Blunt Object,3,Yes,Under Trial,Accused fled the scene; manhunt launched by local police.,Fully Synthetic (for ML training / MVP use only - not real incidents)
NGP-SYN-0912,Itwari,Zone III,Itwari,Burglary,Medium,Female,Under 18,Night (7-11 PM),Tuesday,April,2024,None,3,No,Chargesheet Filed,Case reported to local police station; investigation ongoing.,Fully Synthetic (for ML training / MVP use only - not real incidents)
NGP-SYN-0913,Lakadganj,Zone VI (Gandhibagh),Lakadganj,Counterfeit Currency,Low,Female,36-45,Afternoon (11 AM-3 PM),Wednesday,August,2024,None,1,Yes,Case Closed - Convicted,Accused fled the scene; manhunt launched by local police.,Fully Synthetic (for ML training / MVP use only - not real incidents)
NGP-SYN-0914,Manish Nagar,Zone IV,Manish Nagar,Attempted Murder,High,Male,36-45,Night (7-11 PM),Wednesday,February,2025,Knife/Sharp Weapon,1,Yes,Chargesheet Filed,Reported during routine beat patrolling; preventive action initiated in the locality.,Fully Synthetic (for ML training / MVP use only - not real incidents)
NGP-SYN-0915,Nandanvan,Zone IV,Nandanvan,Theft,Low,Female,18-25,Night (7-11 PM),Wednesday,January,2023,None,1,Yes,FIR Registered - Under Investigation,Neighbourhood watch flagged the incident; forwarded to local police station.,Fully Synthetic (for ML training / MVP use only - not real incidents)
NGP-SYN-0916,Civil Lines,Zone II,Civil Lines,Assault,Medium,Male,46-60,Night (7-11 PM),Sunday,February,2023,None,1,Yes,FIR Registered - Under Investigation,Reported during routine beat patrolling; preventive action initiated in the locality.,Fully Synthetic (for ML training / MVP use only - not real incidents)
NGP-SYN-0917,Dharampeth,Zone II,Dharampeth,Molestation,High,Female,26-35,Afternoon (11 AM-3 PM),Friday,May,2023,Blunt Object,1,Yes,FIR Registered - Under Investigation,Details limited in public record; case status as per station register.,Fully Synthetic (for ML training / MVP use only - not real incidents)
NGP-SYN-0918,Sadar,Zone II,Sadar,Drug Trafficking,High,Female,18-25,Late Night (11 PM-4 AM),Sunday,September,2026,Blunt Object,Unknown,No,Case Closed - Acquitted,Victim taken to nearby hospital for treatment.,Fully Synthetic (for ML training / MVP use only - not real incidents)
NGP-SYN-0919,Yashodhara Nagar,Zone V,Yashodhara Nagar,Theft,Low,Not Specified,18-25,Evening (3-7 PM),Friday,March,2026,None,Unknown,Yes,Under Trial,Incident reported by area residents; police patrol increased subsequently.,Fully Synthetic (for ML training / MVP use only - not real incidents)
NGP-SYN-0920,Sitabuldi,Zone III,Sitabuldi,Molestation,High,Female,Under 18,Early Morning (4-7 AM),Thursday,April,2024,Vehicle,3,No,Under Trial,Case registered under relevant sections of BNS; probe underway.,Fully Synthetic (for ML training / MVP use only - not real incidents)
NGP-SYN-0921,Ravi Nagar,Zone II,Ravi Nagar,Theft,Low,Male,26-35,Evening (3-7 PM),Thursday,July,2023,None,2,Yes,Chargesheet Filed,Incident reported by area residents; police patrol increased subsequently.,Fully Synthetic (for ML training / MVP use only - not real incidents)
NGP-SYN-0922,Trimurti Nagar,Zone I,Trimurti Nagar,Fraud,Medium,Female,18-25,Early Morning (4-7 AM),Sunday,April,2026,Knife/Sharp Weapon,2,No,Chargesheet Filed,Neighbourhood watch flagged the incident; forwarded to local police station.,Fully Synthetic (for ML training / MVP use only - not real incidents)
NGP-SYN-0923,Mahal,Zone VI (Gandhibagh),Mahal,Cyber Fraud,Medium,Not Specified,36-45,Late Night (11 PM-4 AM),Thursday,May,2024,Blunt Object,1,Yes,Under Trial,Complaint filed at nearest police chowki; case under review.,Fully Synthetic (for ML training / MVP use only - not real incidents)
NGP-SYN-0924,Giripeth,Zone II,Giripeth,Fatal Road Accident (Rash Driving),High,Female,46-60,Night (7-11 PM),Monday,June,2025,Blunt Object,Unknown,Yes,FIR Registered - Under Investigation,Accused fled the scene; manhunt launched by local police.,Fully Synthetic (for ML training / MVP use only - not real incidents)
NGP-SYN-0925,Byramji Town,Other,Byramji Town,Kidnapping,High,Not Specified,18-25,Evening (3-7 PM),Saturday,April,2024,Blunt Object,2,No,FIR Registered - Under Investigation,Case linked to a series of similar incidents in the area.,Fully Synthetic (for ML training / MVP use only - not real incidents)
NGP-SYN-0926,Tehsil,Zone VI (Gandhibagh),Tehsil,Motor Vehicle Theft,Medium,Female,26-35,Morning (7-11 AM),Saturday,April,2024,Knife/Sharp Weapon,Unknown,No,FIR Registered - Under Investigation,Local police confirmed the incident; identity of accused not officially disclosed.,Fully Synthetic (for ML training / MVP use only - not real incidents)
NGP-SYN-0927,Kalmeshwar,Other,Kalmeshwar,Fraud,Medium,Male,36-45,Late Night (11 PM-4 AM),Tuesday,December,2024,None/Physical Force,2,No,Case Closed - Convicted,Case reported to local police station; investigation ongoing.,Fully Synthetic (for ML training / MVP use only - not real incidents)
NGP-SYN-0928,Trimurti Nagar,Zone I,Trimurti Nagar,House Break-in,Medium,Male,18-25,Late Night (11 PM-4 AM),Wednesday,March,2025,Blunt Object,2,Yes,FIR Registered - Under Investigation,Local police confirmed the incident; identity of accused not officially disclosed.,Fully Synthetic (for ML training / MVP use only - not real incidents)
NGP-SYN-0929,Friends Colony,Zone IV,Friends Colony,Chain Snatching,Medium,Female,46-60,Morning (7-11 AM),Monday,December,2024,Blunt Object,Unknown,Yes,FIR Registered - Under Investigation,Reported during routine beat patrolling; preventive action initiated in the locality.,Fully Synthetic (for ML training / MVP use only - not real incidents)
NGP-SYN-0930,Tehsil,Zone VI (Gandhibagh),Tehsil,Cybercrime (OTP/Loan App Fraud),Medium,Male,26-35,Evening (3-7 PM),Thursday,April,2026,None,1,Yes,Under Trial,FIR lodged based on victim complaint; no further public details available.,Fully Synthetic (for ML training / MVP use only - not real incidents)
NGP-SYN-0931,Lakadganj,Zone VI (Gandhibagh),Lakadganj,Cybercrime (OTP/Loan App Fraud),Medium,Female,26-35,Late Night (11 PM-4 AM),Monday,August,2024,None/Physical Force,1,Yes,FIR Registered - Under Investigation,Case registered under relevant sections of BNS; probe underway.,Fully Synthetic (for ML training / MVP use only - not real incidents)
NGP-SYN-0932,Kapil Nagar,Zone V,Kapil Nagar,Rape,High,Female,46-60,Late Night (11 PM-4 AM),Wednesday,March,2024,Knife/Sharp Weapon,2,Yes,FIR Registered - Under Investigation,FIR lodged based on victim complaint; no further public details available.,Fully Synthetic (for ML training / MVP use only - not real incidents)
NGP-SYN-0933,Lakadganj,Zone VI (Gandhibagh),Lakadganj,Burglary,Medium,Male,36-45,Late Night (11 PM-4 AM),Tuesday,March,2023,None/Physical Force,2,No,Under Trial,Details limited in public record; case status as per station register.,Fully Synthetic (for ML training / MVP use only - not real incidents)
NGP-SYN-0934,Gokulpeth,Other,Gokulpeth,Domestic Violence / Cruelty by Relatives,Medium,Female,36-45,Late Night (11 PM-4 AM),Sunday,November,2026,Knife/Sharp Weapon,1,Yes,Case Closed - Convicted,Reported during routine beat patrolling; preventive action initiated in the locality.,Fully Synthetic (for ML training / MVP use only - not real incidents)
NGP-SYN-0935,Shraddhanand Peth,Zone II,Shraddhanand Peth,Grievous Hurt,High,Not Specified,Under 18,Evening (3-7 PM),Saturday,February,2023,Firearm,2,No,FIR Registered - Under Investigation,Victim taken to nearby hospital for treatment.,Fully Synthetic (for ML training / MVP use only - not real incidents)
NGP-SYN-0936,Jaitala,Other,Jaitala,Gambling,Low,Female,Under 18,Afternoon (11 AM-3 PM),Thursday,October,2025,None,3,Yes,Case Closed - Convicted,Case linked to a series of similar incidents in the area.,Fully Synthetic (for ML training / MVP use only - not real incidents)
NGP-SYN-0937,Itwari,Zone III,Itwari,Assault,Medium,Not Specified,26-35,Early Morning (4-7 AM),Thursday,January,2024,Knife/Sharp Weapon,1,Yes,FIR Registered - Under Investigation,Case reported to local police station; investigation ongoing.,Fully Synthetic (for ML training / MVP use only - not real incidents)
NGP-SYN-0938,Pachpaoli,Zone VI (Gandhibagh),Pachpaoli,Eve Teasing / Harassment,Low,Female,46-60,Early Morning (4-7 AM),Friday,April,2023,None,1,Yes,Under Trial,FIR lodged based on victim complaint; no further public details available.,Fully Synthetic (for ML training / MVP use only - not real incidents)
NGP-SYN-0939,Sakkardara,Zone VI (Gandhibagh),Sakkardara,Theft,Low,Male,36-45,Morning (7-11 AM),Thursday,September,2025,None,2,Yes,FIR Registered - Under Investigation,Local police confirmed the incident; identity of accused not officially disclosed.,Fully Synthetic (for ML training / MVP use only - not real incidents)
NGP-SYN-0940,Shraddhanand Peth,Zone II,Shraddhanand Peth,Chain Snatching,Medium,Male,46-60,Night (7-11 PM),Wednesday,September,2024,Knife/Sharp Weapon,2,No,FIR Registered - Under Investigation,Local police confirmed the incident; identity of accused not officially disclosed.,Fully Synthetic (for ML training / MVP use only - not real incidents)
NGP-SYN-0941,Itwari,Zone III,Itwari,Fraud,Medium,Not Specified,18-25,Evening (3-7 PM),Thursday,December,2025,Blunt Object,1,Yes,Absconding Accused,Neighbourhood watch flagged the incident; forwarded to local police station.,Fully Synthetic (for ML training / MVP use only - not real incidents)
NGP-SYN-0942,Civil Lines,Zone II,Civil Lines,Extortion,Medium,Male,26-35,Evening (3-7 PM),Thursday,September,2024,None/Physical Force,2,Yes,Chargesheet Filed,Case linked to a series of similar incidents in the area.,Fully Synthetic (for ML training / MVP use only - not real incidents)
NGP-SYN-0943,Itwari,Zone III,Itwari,Burglary,Medium,Not Specified,36-45,Evening (3-7 PM),Sunday,March,2026,Knife/Sharp Weapon,2,No,FIR Registered - Under Investigation,FIR lodged based on victim complaint; no further public details available.,Fully Synthetic (for ML training / MVP use only - not real incidents)
NGP-SYN-0944,Pardi,Zone V,Pardi,Chain Snatching,Medium,Female,26-35,Late Night (11 PM-4 AM),Wednesday,January,2023,Blunt Object,4,Yes,Chargesheet Filed,Local police confirmed the incident; identity of accused not officially disclosed.,Fully Synthetic (for ML training / MVP use only - not real incidents)
NGP-SYN-0945,Itwari,Zone III,Itwari,Domestic Violence / Cruelty by Relatives,Medium,Female,18-25,Afternoon (11 AM-3 PM),Sunday,January,2023,None/Physical Force,1,Yes,Chargesheet Filed,Details limited in public record; case status as per station register.,Fully Synthetic (for ML training / MVP use only - not real incidents)
NGP-SYN-0946,Itwari,Zone III,Itwari,House Break-in,Medium,Male,18-25,Late Night (11 PM-4 AM),Wednesday,May,2024,Knife/Sharp Weapon,3,Yes,FIR Registered - Under Investigation,Details limited in public record; case status as per station register.,Fully Synthetic (for ML training / MVP use only - not real incidents)
NGP-SYN-0947,Civil Lines,Zone II,Civil Lines,Mobile Phone Snatching,Low,Female,46-60,Late Night (11 PM-4 AM),Monday,December,2025,None,2,No,Absconding Accused,CCTV footage under review as part of investigation.,Fully Synthetic (for ML training / MVP use only - not real incidents)
NGP-SYN-0948,Pratap Nagar,Zone I,Pratap Nagar,Fraud,Medium,Male,26-35,Late Night (11 PM-4 AM),Thursday,September,2023,None,1,No,Chargesheet Filed,Incident logged in police records; no fatalities reported.,Fully Synthetic (for ML training / MVP use only - not real incidents)
NGP-SYN-0949,Sitabuldi,Zone III,Sitabuldi,Robbery,High,Male,Under 18,Evening (3-7 PM),Monday,March,2026,None/Physical Force,Unknown,Yes,Chargesheet Filed,Case linked to a series of similar incidents in the area.,Fully Synthetic (for ML training / MVP use only - not real incidents)
NGP-SYN-0950,Imambada,Zone VI (Gandhibagh),Imambada,Fraud,Medium,Male,36-45,Late Night (11 PM-4 AM),Saturday,December,2026,None/Physical Force,1,Yes,Under Trial,Case reported to local police station; investigation ongoing.,Fully Synthetic (for ML training / MVP use only - not real incidents)
NGP-SYN-0951,Gokulpeth,Other,Gokulpeth,Attempted Murder,High,Female,36-45,Afternoon (11 AM-3 PM),Wednesday,May,2024,Knife/Sharp Weapon,1,Yes,FIR Registered - Under Investigation,Complaint filed at nearest police chowki; case under review.,Fully Synthetic (for ML training / MVP use only - not real incidents)
NGP-SYN-0952,Sonegaon,Zone I,Sonegaon,Cyber Fraud,Medium,Female,Under 18,Night (7-11 PM),Thursday,August,2024,None,1,Yes,Case Closed - Acquitted,Details limited in public record; case status as per station register.,Fully Synthetic (for ML training / MVP use only - not real incidents)
NGP-SYN-0953,Gandhinagar,Other,Gandhinagar,Robbery,High,Male,36-45,Morning (7-11 AM),Friday,October,2026,Vehicle,3,Yes,FIR Registered - Under Investigation,Incident reported by area residents; police patrol increased subsequently.,Fully Synthetic (for ML training / MVP use only - not real incidents)
NGP-SYN-0954,Subhash Nagar,Zone I,Subhash Nagar,Illegal Weapons Possession,Medium,Male,46-60,Late Night (11 PM-4 AM),Monday,August,2023,Knife/Sharp Weapon,2,Yes,Chargesheet Filed,Incident reported by area residents; police patrol increased subsequently.,Fully Synthetic (for ML training / MVP use only - not real incidents)
NGP-SYN-0955,Subhash Nagar,Zone I,Subhash Nagar,Fraud,Medium,Male,46-60,Late Night (11 PM-4 AM),Saturday,June,2025,Knife/Sharp Weapon,1,Yes,Case Pending,CCTV footage under review as part of investigation.,Fully Synthetic (for ML training / MVP use only - not real incidents)
NGP-SYN-0956,Indora,Other,Indora,Chain Snatching,Medium,Female,36-45,Morning (7-11 AM),Tuesday,April,2026,Blunt Object,2,Yes,FIR Registered - Under Investigation,Incident reported by area residents; police patrol increased subsequently.,Fully Synthetic (for ML training / MVP use only - not real incidents)
NGP-SYN-0957,Shraddhanand Peth,Zone II,Shraddhanand Peth,Cybercrime (OTP/Loan App Fraud),Medium,Male,18-25,Night (7-11 PM),Tuesday,March,2024,None,1,Yes,FIR Registered - Under Investigation,Incident logged in police records; no fatalities reported.,Fully Synthetic (for ML training / MVP use only - not real incidents)
NGP-SYN-0958,Sonegaon,Zone I,Sonegaon,Chain Snatching,Medium,Female,18-25,Evening (3-7 PM),Saturday,October,2025,Knife/Sharp Weapon,2,No,FIR Registered - Under Investigation,Local police confirmed the incident; identity of accused not officially disclosed.,Fully Synthetic (for ML training / MVP use only - not real incidents)
NGP-SYN-0959,Pardi,Zone V,Pardi,Robbery,High,Female,18-25,Morning (7-11 AM),Tuesday,October,2024,Knife/Sharp Weapon,2,Yes,Chargesheet Filed,Case registered under relevant sections of BNS; probe underway.,Fully Synthetic (for ML training / MVP use only - not real incidents)
NGP-SYN-0960,Imambada,Zone VI (Gandhibagh),Imambada,Eve Teasing / Harassment,Low,Female,18-25,Evening (3-7 PM),Wednesday,May,2024,None,2,Yes,Under Trial,FIR lodged based on victim complaint; no further public details available.,Fully Synthetic (for ML training / MVP use only - not real incidents)
NGP-SYN-0961,Giripeth,Zone II,Giripeth,Burglary,Medium,Male,18-25,Late Night (11 PM-4 AM),Friday,January,2026,Blunt Object,2,No,FIR Registered - Under Investigation,Victim taken to nearby hospital for treatment.,Fully Synthetic (for ML training / MVP use only - not real incidents)
NGP-SYN-0962,Nandanvan,Zone IV,Nandanvan,Motor Vehicle Theft,Medium,Male,Under 18,Afternoon (11 AM-3 PM),Tuesday,October,2025,None/Physical Force,Unknown,Yes,FIR Registered - Under Investigation,Victim taken to nearby hospital for treatment.,Fully Synthetic (for ML training / MVP use only - not real incidents)
NGP-SYN-0963,Shraddhanand Peth,Zone II,Shraddhanand Peth,Burglary,Medium,Male,36-45,Afternoon (11 AM-3 PM),Sunday,March,2024,Knife/Sharp Weapon,1,No,Under Trial,Incident logged in police records; no fatalities reported.,Fully Synthetic (for ML training / MVP use only - not real incidents)
NGP-SYN-0964,Besa,Zone V,Besa,Mobile Phone Snatching,Low,Not Specified,36-45,Evening (3-7 PM),Sunday,June,2025,None,2,Yes,Absconding Accused,Local police confirmed the incident; identity of accused not officially disclosed.,Fully Synthetic (for ML training / MVP use only - not real incidents)
NGP-SYN-0965,Friends Colony,Zone IV,Friends Colony,Molestation,High,Not Specified,36-45,Night (7-11 PM),Sunday,November,2024,None/Physical Force,2,No,Case Pending,Neighbourhood watch flagged the incident; forwarded to local police station.,Fully Synthetic (for ML training / MVP use only - not real incidents)
NGP-SYN-0966,Beltarodi,Zone IV,Beltarodi,Motor Vehicle Theft,Medium,Male,36-45,Late Night (11 PM-4 AM),Wednesday,October,2026,None/Physical Force,1,No,FIR Registered - Under Investigation,Victim taken to nearby hospital for treatment.,Fully Synthetic (for ML training / MVP use only - not real incidents)
NGP-SYN-0967,Friends Colony,Zone IV,Friends Colony,House Break-in,Medium,Male,18-25,Evening (3-7 PM),Thursday,November,2025,Knife/Sharp Weapon,2,No,Chargesheet Filed,Complaint filed at nearest police chowki; case under review.,Fully Synthetic (for ML training / MVP use only - not real incidents)
NGP-SYN-0968,Sitabuldi,Zone III,Sitabuldi,Mobile Phone Snatching,Low,Female,18-25,Late Night (11 PM-4 AM),Thursday,January,2023,None,2,No,FIR Registered - Under Investigation,Accused fled the scene; manhunt launched by local police.,Fully Synthetic (for ML training / MVP use only - not real incidents)
NGP-SYN-0969,Nandanvan,Zone IV,Nandanvan,Fraud,Medium,Male,Under 18,Late Night (11 PM-4 AM),Friday,November,2025,Blunt Object,1,Yes,Case Closed - Acquitted,Complaint filed at nearest police chowki; case under review.,Fully Synthetic (for ML training / MVP use only - not real incidents)
NGP-SYN-0970,Bajaj Nagar,Zone I,Bajaj Nagar,Eve Teasing / Harassment,Low,Female,36-45,Late Night (11 PM-4 AM),Tuesday,January,2025,None,3,Yes,Under Trial,Complaint filed at nearest police chowki; case under review.,Fully Synthetic (for ML training / MVP use only - not real incidents)
NGP-SYN-0971,Kotwali,Zone VI (Gandhibagh),Kotwali,Burglary,Medium,Female,26-35,Late Night (11 PM-4 AM),Tuesday,May,2026,Blunt Object,Unknown,Yes,Under Trial,CCTV footage under review as part of investigation.,Fully Synthetic (for ML training / MVP use only - not real incidents)
NGP-SYN-0972,Ramdaspeth,Zone II,Ramdaspeth,Fraud,Medium,Male,36-45,Early Morning (4-7 AM),Tuesday,June,2026,Blunt Object,2,No,Case Pending,Case linked to a series of similar incidents in the area.,Fully Synthetic (for ML training / MVP use only - not real incidents)
NGP-SYN-0973,Gandhinagar,Other,Gandhinagar,Burglary,Medium,Female,46-60,Afternoon (11 AM-3 PM),Wednesday,October,2025,None,1,Yes,Absconding Accused,Incident reported by area residents; police patrol increased subsequently.,Fully Synthetic (for ML training / MVP use only - not real incidents)
NGP-SYN-0974,Hawrapeth,Other,Hawrapeth,Cyber Fraud,Medium,Female,60+,Afternoon (11 AM-3 PM),Friday,February,2024,Blunt Object,2,Yes,FIR Registered - Under Investigation,Accused fled the scene; manhunt launched by local police.,Fully Synthetic (for ML training / MVP use only - not real incidents)
NGP-SYN-0975,Itwari,Zone III,Itwari,Rape,High,Female,46-60,Afternoon (11 AM-3 PM),Friday,March,2023,Knife/Sharp Weapon,3,Yes,Under Trial,CCTV footage under review as part of investigation.,Fully Synthetic (for ML training / MVP use only - not real incidents)
NGP-SYN-0976,Gandhibagh,Zone III,Gandhibagh,Cyber Fraud,Medium,Male,26-35,Evening (3-7 PM),Friday,August,2026,None/Physical Force,1,Yes,FIR Registered - Under Investigation,Incident reported by area residents; police patrol increased subsequently.,Fully Synthetic (for ML training / MVP use only - not real incidents)
NGP-SYN-0977,Sakkardara,Zone VI (Gandhibagh),Sakkardara,Cattle Theft,Low,Male,Under 18,Late Night (11 PM-4 AM),Wednesday,November,2024,None,2,Yes,Chargesheet Filed,Case linked to a series of similar incidents in the area.,Fully Synthetic (for ML training / MVP use only - not real incidents)
NGP-SYN-0978,Byramji Town,Other,Byramji Town,Theft,Low,Female,60+,Night (7-11 PM),Tuesday,May,2024,None,Unknown,Yes,Case Closed - Convicted,FIR lodged based on victim complaint; no further public details available.,Fully Synthetic (for ML training / MVP use only - not real incidents)
NGP-SYN-0979,Pipla,Zone V,Pipla,Cyber Fraud,Medium,Female,26-35,Afternoon (11 AM-3 PM),Monday,March,2023,Blunt Object,1,Yes,Case Closed - Convicted,FIR lodged based on victim complaint; no further public details available.,Fully Synthetic (for ML training / MVP use only - not real incidents)
NGP-SYN-0980,Giripeth,Zone II,Giripeth,Cyber Fraud,Medium,Female,18-25,Morning (7-11 AM),Wednesday,July,2024,None,3,No,Under Trial,Accused fled the scene; manhunt launched by local police.,Fully Synthetic (for ML training / MVP use only - not real incidents)
NGP-SYN-0981,Ajni,Zone IV,Ajni,Grievous Hurt,High,Female,36-45,Late Night (11 PM-4 AM),Thursday,July,2025,Vehicle,1,Yes,Case Pending,Neighbourhood watch flagged the incident; forwarded to local police station.,Fully Synthetic (for ML training / MVP use only - not real incidents)
NGP-SYN-0982,Trimurti Nagar,Zone I,Trimurti Nagar,Fatal Road Accident (Rash Driving),High,Not Specified,46-60,Late Night (11 PM-4 AM),Tuesday,October,2024,Blunt Object,1,Yes,Under Trial,Incident logged in police records; no fatalities reported.,Fully Synthetic (for ML training / MVP use only - not real incidents)
NGP-SYN-0983,Nandanvan,Zone IV,Nandanvan,Cyber Fraud,Medium,Male,18-25,Afternoon (11 AM-3 PM),Monday,June,2023,None,1,No,Case Closed - Acquitted,Reported during routine beat patrolling; preventive action initiated in the locality.,Fully Synthetic (for ML training / MVP use only - not real incidents)
NGP-SYN-0984,Shraddhanand Peth,Zone II,Shraddhanand Peth,Theft,Low,Male,Under 18,Night (7-11 PM),Saturday,July,2026,None,2,No,Chargesheet Filed,Case linked to a series of similar incidents in the area.,Fully Synthetic (for ML training / MVP use only - not real incidents)
NGP-SYN-0985,Suyog Nagar,Other,Suyog Nagar,Mobile Phone Snatching,Low,Male,46-60,Evening (3-7 PM),Friday,November,2024,None,1,No,Under Trial,Case linked to a series of similar incidents in the area.,Fully Synthetic (for ML training / MVP use only - not real incidents)
NGP-SYN-0986,Wadi,Zone I,Wadi,Cyber Fraud,Medium,Male,18-25,Late Night (11 PM-4 AM),Sunday,September,2026,None,2,Yes,Case Closed - Convicted,Case linked to a series of similar incidents in the area.,Fully Synthetic (for ML training / MVP use only - not real incidents)
NGP-SYN-0987,Ashok Nagar,Other,Ashok Nagar,Theft,Low,Not Specified,36-45,Late Night (11 PM-4 AM),Monday,August,2024,None,1,No,Case Closed - Convicted,Case linked to a series of similar incidents in the area.,Fully Synthetic (for ML training / MVP use only - not real incidents)
NGP-SYN-0988,Seminary Hills,Other,Seminary Hills,Robbery,High,Female,46-60,Night (7-11 PM),Saturday,June,2024,Blunt Object,2,Yes,Under Trial,Incident logged in police records; no fatalities reported.,Fully Synthetic (for ML training / MVP use only - not real incidents)
NGP-SYN-0989,Ashok Nagar,Other,Ashok Nagar,Burglary,Medium,Not Specified,18-25,Late Night (11 PM-4 AM),Sunday,January,2024,None/Physical Force,1,Yes,Chargesheet Filed,FIR lodged based on victim complaint; no further public details available.,Fully Synthetic (for ML training / MVP use only - not real incidents)
NGP-SYN-0990,Mankapur,Other,Mankapur,Attempted Murder,High,Not Specified,Under 18,Evening (3-7 PM),Monday,January,2024,Vehicle,2,Yes,FIR Registered - Under Investigation,Case registered under relevant sections of BNS; probe underway.,Fully Synthetic (for ML training / MVP use only - not real incidents)
NGP-SYN-0991,Bajeria,Zone III,Bajeria,Rioting,High,Male,26-35,Afternoon (11 AM-3 PM),Wednesday,June,2024,Blunt Object,2,Yes,FIR Registered - Under Investigation,Complaint filed at nearest police chowki; case under review.,Fully Synthetic (for ML training / MVP use only - not real incidents)
NGP-SYN-0992,Imambada,Zone VI (Gandhibagh),Imambada,Fatal Road Accident (Rash Driving),High,Male,36-45,Evening (3-7 PM),Monday,May,2024,None/Physical Force,2,Yes,Absconding Accused,Incident logged in police records; no fatalities reported.,Fully Synthetic (for ML training / MVP use only - not real incidents)
NGP-SYN-0993,Ashok Nagar,Other,Ashok Nagar,Cyber Fraud,Medium,Male,46-60,Late Night (11 PM-4 AM),Friday,June,2026,Blunt Object,3,No,Case Closed - Convicted,Victim taken to nearby hospital for treatment.,Fully Synthetic (for ML training / MVP use only - not real incidents)
NGP-SYN-0994,Gokulpeth,Other,Gokulpeth,Molestation,High,Female,Under 18,Night (7-11 PM),Tuesday,May,2023,None/Physical Force,1,Yes,Case Pending,Case registered under relevant sections of BNS; probe underway.,Fully Synthetic (for ML training / MVP use only - not real incidents)
NGP-SYN-0995,Jaitala,Other,Jaitala,Burglary,Medium,Male,26-35,Evening (3-7 PM),Friday,February,2023,None,1,Yes,Case Closed - Convicted,Case linked to a series of similar incidents in the area.,Fully Synthetic (for ML training / MVP use only - not real incidents)
NGP-SYN-0996,Dharampeth,Zone II,Dharampeth,Fraud,Medium,Not Specified,Under 18,Evening (3-7 PM),Wednesday,October,2024,Knife/Sharp Weapon,2,No,FIR Registered - Under Investigation,Details limited in public record; case status as per station register.,Fully Synthetic (for ML training / MVP use only - not real incidents)
NGP-SYN-0997,Kalyan Nagar,Zone I,Kalyan Nagar,Theft,Low,Female,26-35,Night (7-11 PM),Thursday,November,2023,None,1,Yes,Case Closed - Convicted,Complaint filed at nearest police chowki; case under review.,Fully Synthetic (for ML training / MVP use only - not real incidents)
NGP-SYN-0998,Beltarodi,Zone IV,Beltarodi,Assault,Medium,Male,Under 18,Late Night (11 PM-4 AM),Friday,August,2025,Blunt Object,1,Yes,Case Pending,Local police confirmed the incident; identity of accused not officially disclosed.,Fully Synthetic (for ML training / MVP use only - not real incidents)
NGP-SYN-0999,Ajni,Zone IV,Ajni,Cyber Fraud,Medium,Not Specified,36-45,Night (7-11 PM),Wednesday,November,2024,None,1,No,FIR Registered - Under Investigation,Incident reported by area residents; police patrol increased subsequently.,Fully Synthetic (for ML training / MVP use only - not real incidents)
NGP-SYN-1000,Mominpura,Zone III,Mominpura,Theft,Low,Not Specified,Under 18,Evening (3-7 PM),Sunday,December,2025,None,2,Yes,Case Closed - Acquitted,CCTV footage under review as part of investigation.,Fully Synthetic (for ML training / MVP use only - not real incidents)
